case_id,environment,scenario,wind_model,source_mode,source_description,resolution,number_of_source_cells,radionuclide,emission_factor,emission_rate_bq_s,emission_classification,grid_shape,dx_m,dy_m,dz_m,dt_s,total_time_s,max_concentration_bq_m3,final_max_concentration_bq_m3,total_activity_bq,final_total_activity_bq,centroid_x_m,centroid_y_m,centroid_z_m,final_centroid_x_m,final_centroid_y_m,final_centroid_z_m,runtime_s,n_steps,hrtm_profile,max_dose_field,final_max_dose_field,field_file,status,error
Tc99m_Q0.25_MULTIPLE_POINTS_INDOOR_CLOSED,indoor,closed,IndoorClosedRoom,multiple_points,5 point sources,high,5,Tc-99m,0.25,25.0,CONTROLLED,"(60, 60, 30)",0.5,0.5,0.5,0.05,600.0,304.2665696931431,304.2665696931431,0.0,1857.1253046935426,nan,nan,nan,15.0,15.000000000000002,7.500000111117281,63.33229155800018,12000,,nan,nan,,OK,
Tc99m_Q0.25_MULTIPLE_POINTS_INDOOR_LOW_VENTILATION,indoor,low_ventilation,IndoorLowVentilation,multiple_points,5 point sources,high,5,Tc-99m,0.25,25.0,CONTROLLED,"(60, 60, 30)",0.5,0.5,0.5,0.05,600.0,234.78772867003934,234.78772867003934,0.0,1850.6159062323088,nan,nan,nan,14.999446829864738,15.008468652023614,8.22392662064989,64.15027418499994,12000,,nan,nan,,OK,
Tc99m_Q0.25_MULTIPLE_POINTS_INDOOR_NORMAL_VENTILATION,indoor,normal_ventilation,IndoorNormalVentilation,multiple_points,5 point sources,high,5,Tc-99m,0.25,25.0,CONTROLLED,"(60, 60, 30)",0.5,0.5,0.5,0.05,600.0,169.46301556325182,169.46301556325182,0.0,1808.1167883013995,nan,nan,nan,14.99747673398161,15.021613075313299,9.246218474843985,63.368432560000656,12000,,nan,nan,,OK,
Tc99m_Q0.25_MULTIPLE_POINTS_INDOOR_HIGH_VENTILATION,indoor,high_ventilation,IndoorHighVentilation,multiple_points,5 point sources,high,5,Tc-99m,0.25,25.0,CONTROLLED,"(60, 60, 30)",0.5,0.5,0.5,0.05,600.0,16.457754502971863,16.457754502971863,0.0,234.3078034681275,nan,nan,nan,15.000000000000005,16.989098650790684,10.991994127574504,64.18270631099949,12000,,nan,nan,,OK,
Tc99m_Q0.25_MULTIPLE_POINTS_OUTDOOR_UNIFORM,outdoor,uniform,UniformField,multiple_points,5 point sources,high,5,Tc-99m,0.25,25.0,CONTROLLED,"(60, 60, 30)",0.5,0.5,0.5,0.05,600.0,91.88975091216419,91.88975091216419,0.0,934.0845643482767,nan,nan,nan,22.197756570912997,15.0,7.500000000764409,21.02092323299985,12000,,nan,nan,,OK,
Tc99m_Q0.25_MULTIPLE_POINTS_OUTDOOR_SHEAR,outdoor,shear,ShearField,multiple_points,5 point sources,high,5,Tc-99m,0.25,25.0,CONTROLLED,"(60, 60, 30)",0.5,0.5,0.5,0.05,600.0,86.576624538113,86.576624538113,0.0,851.0194431249832,nan,nan,nan,22.201056385657782,14.999999999999996,7.492848239667072,20.88886855199962,12000,,nan,nan,,OK,
Tc99m_Q0.25_MULTIPLE_POINTS_OUTDOOR_GUST,outdoor,gust,GustField,multiple_points,5 point sources,high,5,Tc-99m,0.25,25.0,CONTROLLED,"(60, 60, 30)",0.5,0.5,0.5,0.05,600.0,101.96799606831247,98.78079534058779,0.0,957.8716029757411,nan,nan,nan,22.01239334256686,15.000000000000002,7.500000000921111,21.375110226999823,12000,,nan,nan,,OK,
Tc99m_Q0.25_MULTIPLE_POINTS_OUTDOOR_VORTEX,outdoor,vortex,VortexField,multiple_points,5 point sources,high,5,Tc-99m,0.25,25.0,CONTROLLED,"(60, 60, 30)",0.5,0.5,0.5,0.05,600.0,298.5821317050549,298.5821317050549,0.0,1857.1253046434495,nan,nan,nan,15.000000000002903,15.000000000002332,7.500000110981568,21.6499882549997,12000,,nan,nan,,OK,
Tc99m_Q0.25_PLANAR_INDOOR_CLOSED,indoor,closed,IndoorClosedRoom,planar,planar source (49 cells),high,49,Tc-99m,0.25,25.0,CONTROLLED,"(60, 60, 30)",0.5,0.5,0.5,0.05,600.0,102.92820073615451,102.92820073615451,0.0,1857.125304693412,nan,nan,nan,14.999999999999998,15.0,7.50000011111728,62.41112765299931,12000,,nan,nan,,OK,
Tc99m_Q0.25_PLANAR_INDOOR_LOW_VENTILATION,indoor,low_ventilation,IndoorLowVentilation,planar,planar source (49 cells),high,49,Tc-99m,0.25,25.0,CONTROLLED,"(60, 60, 30)",0.5,0.5,0.5,0.05,600.0,70.60871019378602,70.60871019378602,0.0,1855.2817535107404,nan,nan,nan,14.999457934196004,14.998014498727459,8.225186541262566,62.677361360999384,12000,,nan,nan,,OK,
Tc99m_Q0.25_PLANAR_INDOOR_NORMAL_VENTILATION,indoor,normal_ventilation,IndoorNormalVentilation,planar,planar source (49 cells),high,49,Tc-99m,0.25,25.0,CONTROLLED,"(60, 60, 30)",0.5,0.5,0.5,0.05,600.0,39.60729263089473,39.60729263089473,0.0,1822.1692964257034,nan,nan,nan,14.997490037577782,14.995442129562317,9.25053828269787,62.464611536999655,12000,,nan,nan,,OK,
Tc99m_Q0.25_PLANAR_INDOOR_HIGH_VENTILATION,indoor,high_ventilation,IndoorHighVentilation,planar,planar source (49 cells),high,49,Tc-99m,0.25,25.0,CONTROLLED,"(60, 60, 30)",0.5,0.5,0.5,0.05,600.0,2.5449989812626708,2.5449989812626708,0.0,234.30779434635951,nan,nan,nan,15.000000000000016,16.98909814601825,10.99199401289687,64.09476302500025,12000,,nan,nan,,OK,
Tc99m_Q0.25_PLANAR_OUTDOOR_UNIFORM,outdoor,uniform,UniformField,planar,planar source (49 cells),high,49,Tc-99m,0.25,25.0,CONTROLLED,"(60, 60, 30)",0.5,0.5,0.5,0.05,600.0,27.21655745166641,27.21655745166641,0.0,934.0825312413393,nan,nan,nan,22.194427212946653,15.000000000000002,7.5000000007758105,20.939002131999587,12000,,nan,nan,,OK,
Tc99m_Q0.25_PLANAR_OUTDOOR_SHEAR,outdoor,shear,ShearField,planar,planar source (49 cells),high,49,Tc-99m,0.25,25.0,CONTROLLED,"(60, 60, 30)",0.5,0.5,0.5,0.05,600.0,25.2980868747956,25.2980868747956,0.0,851.0179952153844,nan,nan,nan,22.19772702319221,14.999999999999996,7.492845175129529,20.868285880999792,12000,,nan,nan,,OK,
Tc99m_Q0.25_PLANAR_OUTDOOR_GUST,outdoor,gust,GustField,planar,planar source (49 cells),high,49,Tc-99m,0.25,25.0,CONTROLLED,"(60, 60, 30)",0.5,0.5,0.5,0.05,600.0,30.45347981841902,30.39129152012803,0.0,957.8340275664909,nan,nan,nan,22.008841867247813,15.0,7.500000000934511,21.634751065000273,12000,,nan,nan,,OK,
Tc99m_Q0.25_PLANAR_OUTDOOR_VORTEX,outdoor,vortex,VortexField,planar,planar source (49 cells),high,49,Tc-99m,0.25,25.0,CONTROLLED,"(60, 60, 30)",0.5,0.5,0.5,0.05,600.0,100.89546866851671,100.89546866851671,0.0,1857.1253046443876,nan,nan,nan,15.000000000005288,15.000000000004432,7.500000110981568,21.00864310400084,12000,,nan,nan,,OK,
Tc99m_Q0.25_VOLUMETRIC_INDOOR_CLOSED,indoor,closed,IndoorClosedRoom,volumetric,3-D volumetric source (75 cells),high,75,Tc-99m,0.25,25.0,CONTROLLED,"(60, 60, 30)",0.5,0.5,0.5,0.05,600.0,120.05432071896796,120.05432071896796,0.0,1857.1253650192857,nan,nan,nan,15.0,14.999999999999998,7.50000026896987,62.872647305999635,12000,,nan,nan,,OK,
Tc99m_Q0.25_VOLUMETRIC_INDOOR_LOW_VENTILATION,indoor,low_ventilation,IndoorLowVentilation,volumetric,3-D volumetric source (75 cells),high,75,Tc-99m,0.25,25.0,CONTROLLED,"(60, 60, 30)",0.5,0.5,0.5,0.05,600.0,98.48807654884564,98.48807654884564,0.0,1849.427353214674,nan,nan,nan,15.00005689178544,14.99877778437626,8.221775059116245,62.78712481000002,12000,,nan,nan,,OK,
Tc99m_Q0.25_VOLUMETRIC_INDOOR_NORMAL_VENTILATION,indoor,normal_ventilation,IndoorNormalVentilation,volumetric,3-D volumetric source (75 cells),high,75,Tc-99m,0.25,25.0,CONTROLLED,"(60, 60, 30)",0.5,0.5,0.5,0.05,600.0,67.56544998392044,67.56544998392044,0.0,1802.8636715159237,nan,nan,nan,14.998997956973305,14.997979361996611,9.2347565107537,62.458634327000254,12000,,nan,nan,,OK,
Tc99m_Q0.25_VOLUMETRIC_INDOOR_HIGH_VENTILATION,indoor,high_ventilation,IndoorHighVentilation,volumetric,3-D volumetric source (75 cells),high,75,Tc-99m,0.25,25.0,CONTROLLED,"(60, 60, 30)",0.5,0.5,0.5,0.05,600.0,4.817130148578113,4.817130148578113,0.0,234.30705482378542,nan,nan,nan,15.000000000000009,16.994638947752122,10.980895067639105,64.30008110200015,12000,,nan,nan,,OK,
Tc99m_Q0.25_VOLUMETRIC_OUTDOOR_UNIFORM,outdoor,uniform,UniformField,volumetric,3-D volumetric source (75 cells),high,75,Tc-99m,0.25,25.0,CONTROLLED,"(60, 60, 30)",0.5,0.5,0.5,0.05,600.0,16.358451384508378,16.358451384508378,0.0,934.0929807743406,nan,nan,nan,22.21107582240898,15.0,7.500000002326909,21.46781535500031,12000,,nan,nan,,OK,
Tc99m_Q0.25_VOLUMETRIC_OUTDOOR_SHEAR,outdoor,shear,ShearField,volumetric,3-D volumetric source (75 cells),high,75,Tc-99m,0.25,25.0,CONTROLLED,"(60, 60, 30)",0.5,0.5,0.5,0.05,600.0,14.933942599460009,14.933942599460009,0.0,851.2955471389561,nan,nan,nan,22.21437945487277,15.000000000000002,7.488645983244034,21.21167150599922,12000,,nan,nan,,OK,
Tc99m_Q0.25_VOLUMETRIC_OUTDOOR_GUST,outdoor,gust,GustField,volumetric,3-D volumetric source (75 cells),high,75,Tc-99m,0.25,25.0,CONTROLLED,"(60, 60, 30)",0.5,0.5,0.5,0.05,600.0,19.970466572299117,19.96305179257582,0.0,957.9567203254801,nan,nan,nan,22.02605850892846,14.999999999999996,7.50000000277842,21.64949216900004,12000,,nan,nan,,OK,
Tc99m_Q0.25_VOLUMETRIC_OUTDOOR_VORTEX,outdoor,vortex,VortexField,volumetric,3-D volumetric source (75 cells),high,75,Tc-99m,0.25,25.0,CONTROLLED,"(60, 60, 30)",0.5,0.5,0.5,0.05,600.0,115.29668007442115,115.29668007442115,0.0,1857.1253648996842,nan,nan,nan,15.000000000000727,15.000000000000584,7.500000268658915,21.041433039000367,12000,,nan,nan,,OK,
Tc99m_Q0.5_MULTIPLE_POINTS_INDOOR_CLOSED,indoor,closed,IndoorClosedRoom,multiple_points,5 point sources,high,5,Tc-99m,0.5,50.0,CONTROLLED,"(60, 60, 30)",0.5,0.5,0.5,0.05,600.0,608.5331393862862,608.5331393862862,0.0,3714.250609387085,nan,nan,nan,15.0,15.000000000000002,7.500000111117281,61.92127645899927,12000,,nan,nan,,OK,
Tc99m_Q0.5_MULTIPLE_POINTS_INDOOR_LOW_VENTILATION,indoor,low_ventilation,IndoorLowVentilation,multiple_points,5 point sources,high,5,Tc-99m,0.5,50.0,CONTROLLED,"(60, 60, 30)",0.5,0.5,0.5,0.05,600.0,469.5754573400787,469.5754573400787,0.0,3701.2318124646176,nan,nan,nan,14.999446829864738,15.008468652023614,8.22392662064989,62.54320720999931,12000,,nan,nan,,OK,
Tc99m_Q0.5_MULTIPLE_POINTS_INDOOR_NORMAL_VENTILATION,indoor,normal_ventilation,IndoorNormalVentilation,multiple_points,5 point sources,high,5,Tc-99m,0.5,50.0,CONTROLLED,"(60, 60, 30)",0.5,0.5,0.5,0.05,600.0,338.92603112650363,338.92603112650363,0.0,3616.233576602799,nan,nan,nan,14.99747673398161,15.021613075313299,9.246218474843985,62.794555253,12000,,nan,nan,,OK,
Tc99m_Q0.5_MULTIPLE_POINTS_INDOOR_HIGH_VENTILATION,indoor,high_ventilation,IndoorHighVentilation,multiple_points,5 point sources,high,5,Tc-99m,0.5,50.0,CONTROLLED,"(60, 60, 30)",0.5,0.5,0.5,0.05,600.0,32.915509005943726,32.915509005943726,0.0,468.615606936255,nan,nan,nan,15.000000000000005,16.989098650790684,10.991994127574504,63.878535959000146,12000,,nan,nan,,OK,
Tc99m_Q0.5_MULTIPLE_POINTS_OUTDOOR_UNIFORM,outdoor,uniform,UniformField,multiple_points,5 point sources,high,5,Tc-99m,0.5,50.0,CONTROLLED,"(60, 60, 30)",0.5,0.5,0.5,0.05,600.0,183.77950182432838,183.77950182432838,0.0,1868.1691286965533,nan,nan,nan,22.197756570912997,15.0,7.500000000764409,21.024235007000243,12000,,nan,nan,,OK,
Tc99m_Q0.5_MULTIPLE_POINTS_OUTDOOR_SHEAR,outdoor,shear,ShearField,multiple_points,5 point sources,high,5,Tc-99m,0.5,50.0,CONTROLLED,"(60, 60, 30)",0.5,0.5,0.5,0.05,600.0,173.153249076226,173.153249076226,0.0,1702.0388862499665,nan,nan,nan,22.201056385657782,14.999999999999996,7.492848239667072,20.926765524000075,12000,,nan,nan,,OK,
Tc99m_Q0.5_MULTIPLE_POINTS_OUTDOOR_GUST,outdoor,gust,GustField,multiple_points,5 point sources,high,5,Tc-99m,0.5,50.0,CONTROLLED,"(60, 60, 30)",0.5,0.5,0.5,0.05,600.0,203.93599213662495,197.56159068117557,0.0,1915.7432059514822,nan,nan,nan,22.01239334256686,15.000000000000002,7.500000000921111,21.453204602999904,12000,,nan,nan,,OK,
Tc99m_Q0.5_MULTIPLE_POINTS_OUTDOOR_VORTEX,outdoor,vortex,VortexField,multiple_points,5 point sources,high,5,Tc-99m,0.5,50.0,CONTROLLED,"(60, 60, 30)",0.5,0.5,0.5,0.05,600.0,597.1642634101098,597.1642634101098,0.0,3714.250609286899,nan,nan,nan,15.000000000002903,15.000000000002332,7.500000110981568,20.9049481560005,12000,,nan,nan,,OK,
Tc99m_Q0.5_PLANAR_INDOOR_CLOSED,indoor,closed,IndoorClosedRoom,planar,planar source (49 cells),high,49,Tc-99m,0.5,50.0,CONTROLLED,"(60, 60, 30)",0.5,0.5,0.5,0.05,600.0,205.85640147230902,205.85640147230902,0.0,3714.250609386824,nan,nan,nan,14.999999999999998,15.0,7.50000011111728,62.23608668900124,12000,,nan,nan,,OK,
Tc99m_Q0.5_PLANAR_INDOOR_LOW_VENTILATION,indoor,low_ventilation,IndoorLowVentilation,planar,planar source (49 cells),high,49,Tc-99m,0.5,50.0,CONTROLLED,"(60, 60, 30)",0.5,0.5,0.5,0.05,600.0,141.21742038757205,141.21742038757205,0.0,3710.5635070214807,nan,nan,nan,14.999457934196004,14.998014498727459,8.225186541262566,62.563921167000444,12000,,nan,nan,,OK,
Tc99m_Q0.5_PLANAR_INDOOR_NORMAL_VENTILATION,indoor,normal_ventilation,IndoorNormalVentilation,planar,planar source (49 cells),high,49,Tc-99m,0.5,50.0,CONTROLLED,"(60, 60, 30)",0.5,0.5,0.5,0.05,600.0,79.21458526178947,79.21458526178947,0.0,3644.3385928514067,nan,nan,nan,14.997490037577782,14.995442129562317,9.25053828269787,62.68275793800058,12000,,nan,nan,,OK,
Tc99m_Q0.5_PLANAR_INDOOR_HIGH_VENTILATION,indoor,high_ventilation,IndoorHighVentilation,planar,planar source (49 cells),high,49,Tc-99m,0.5,50.0,CONTROLLED,"(60, 60, 30)",0.5,0.5,0.5,0.05,600.0,5.0899979625253415,5.0899979625253415,0.0,468.61558869271903,nan,nan,nan,15.000000000000016,16.98909814601825,10.99199401289687,64.34083418499904,12000,,nan,nan,,OK,
Tc99m_Q0.5_PLANAR_OUTDOOR_UNIFORM,outdoor,uniform,UniformField,planar,planar source (49 cells),high,49,Tc-99m,0.5,50.0,CONTROLLED,"(60, 60, 30)",0.5,0.5,0.5,0.05,600.0,54.43311490333282,54.43311490333282,0.0,1868.1650624826786,nan,nan,nan,22.194427212946653,15.000000000000002,7.5000000007758105,20.94530586199835,12000,,nan,nan,,OK,
Tc99m_Q0.5_PLANAR_OUTDOOR_SHEAR,outdoor,shear,ShearField,planar,planar source (49 cells),high,49,Tc-99m,0.5,50.0,CONTROLLED,"(60, 60, 30)",0.5,0.5,0.5,0.05,600.0,50.5961737495912,50.5961737495912,0.0,1702.0359904307688,nan,nan,nan,22.19772702319221,14.999999999999996,7.492845175129529,21.024544185000195,12000,,nan,nan,,OK,
Tc99m_Q0.5_PLANAR_OUTDOOR_GUST,outdoor,gust,GustField,planar,planar source (49 cells),high,49,Tc-99m,0.5,50.0,CONTROLLED,"(60, 60, 30)",0.5,0.5,0.5,0.05,600.0,60.90695963683804,60.78258304025606,0.0,1915.6680551329819,nan,nan,nan,22.008841867247813,15.0,7.500000000934511,21.48406532700028,12000,,nan,nan,,OK,
Tc99m_Q0.5_PLANAR_OUTDOOR_VORTEX,outdoor,vortex,VortexField,planar,planar source (49 cells),high,49,Tc-99m,0.5,50.0,CONTROLLED,"(60, 60, 30)",0.5,0.5,0.5,0.05,600.0,201.79093733703343,201.79093733703343,0.0,3714.250609288775,nan,nan,nan,15.000000000005288,15.000000000004432,7.500000110981568,21.09847761200035,12000,,nan,nan,,OK,
Tc99m_Q0.5_VOLUMETRIC_INDOOR_CLOSED,indoor,closed,IndoorClosedRoom,volumetric,3-D volumetric source (75 cells),high,75,Tc-99m,0.5,50.0,CONTROLLED,"(60, 60, 30)",0.5,0.5,0.5,0.05,600.0,240.10864143793592,240.10864143793592,0.0,3714.2507300385714,nan,nan,nan,15.0,14.999999999999998,7.50000026896987,62.360487027001,12000,,nan,nan,,OK,
Tc99m_Q0.5_VOLUMETRIC_INDOOR_LOW_VENTILATION,indoor,low_ventilation,IndoorLowVentilation,volumetric,3-D volumetric source (75 cells),high,75,Tc-99m,0.5,50.0,CONTROLLED,"(60, 60, 30)",0.5,0.5,0.5,0.05,600.0,196.97615309769128,196.97615309769128,0.0,3698.854706429348,nan,nan,nan,15.00005689178544,14.99877778437626,8.221775059116245,62.741280179998284,12000,,nan,nan,,OK,
Tc99m_Q0.5_VOLUMETRIC_INDOOR_NORMAL_VENTILATION,indoor,normal_ventilation,IndoorNormalVentilation,volumetric,3-D volumetric source (75 cells),high,75,Tc-99m,0.5,50.0,CONTROLLED,"(60, 60, 30)",0.5,0.5,0.5,0.05,600.0,135.1308999678409,135.1308999678409,0.0,3605.7273430318473,nan,nan,nan,14.998997956973305,14.997979361996611,9.2347565107537,62.77080950600066,12000,,nan,nan,,OK,
Tc99m_Q0.5_VOLUMETRIC_INDOOR_HIGH_VENTILATION,indoor,high_ventilation,IndoorHighVentilation,volumetric,3-D volumetric source (75 cells),high,75,Tc-99m,0.5,50.0,CONTROLLED,"(60, 60, 30)",0.5,0.5,0.5,0.05,600.0,9.634260297156226,9.634260297156226,0.0,468.61410964757084,nan,nan,nan,15.000000000000009,16.994638947752122,10.980895067639105,63.736883427000066,12000,,nan,nan,,OK,
Tc99m_Q0.5_VOLUMETRIC_OUTDOOR_UNIFORM,outdoor,uniform,UniformField,volumetric,3-D volumetric source (75 cells),high,75,Tc-99m,0.5,50.0,CONTROLLED,"(60, 60, 30)",0.5,0.5,0.5,0.05,600.0,32.716902769016755,32.716902769016755,0.0,1868.1859615486812,nan,nan,nan,22.21107582240898,15.0,7.500000002326909,20.843216801999006,12000,,nan,nan,,OK,
Tc99m_Q0.5_VOLUMETRIC_OUTDOOR_SHEAR,outdoor,shear,ShearField,volumetric,3-D volumetric source (75 cells),high,75,Tc-99m,0.5,50.0,CONTROLLED,"(60, 60, 30)",0.5,0.5,0.5,0.05,600.0,29.867885198920018,29.867885198920018,0.0,1702.5910942779121,nan,nan,nan,22.21437945487277,15.000000000000002,7.488645983244034,20.873213711998687,12000,,nan,nan,,OK,
Tc99m_Q0.5_VOLUMETRIC_OUTDOOR_GUST,outdoor,gust,GustField,volumetric,3-D volumetric source (75 cells),high,75,Tc-99m,0.5,50.0,CONTROLLED,"(60, 60, 30)",0.5,0.5,0.5,0.05,600.0,39.94093314459823,39.92610358515164,0.0,1915.9134406509602,nan,nan,nan,22.02605850892846,14.999999999999996,7.50000000277842,21.468407520000255,12000,,nan,nan,,OK,
Tc99m_Q0.5_VOLUMETRIC_OUTDOOR_VORTEX,outdoor,vortex,VortexField,volumetric,3-D volumetric source (75 cells),high,75,Tc-99m,0.5,50.0,CONTROLLED,"(60, 60, 30)",0.5,0.5,0.5,0.05,600.0,230.5933601488423,230.5933601488423,0.0,3714.2507297993684,nan,nan,nan,15.000000000000727,15.000000000000584,7.500000268658915,21.056947959001263,12000,,nan,nan,,OK,
Tc99m_Q0.75_MULTIPLE_POINTS_INDOOR_CLOSED,indoor,closed,IndoorClosedRoom,multiple_points,5 point sources,high,5,Tc-99m,0.75,75.0,CONTROLLED,"(60, 60, 30)",0.5,0.5,0.5,0.05,600.0,912.7997090794281,912.7997090794281,0.0,5571.375914080621,nan,nan,nan,15.0,15.0,7.50000011111728,62.76819988399984,12000,,nan,nan,,OK,
Tc99m_Q0.75_MULTIPLE_POINTS_INDOOR_LOW_VENTILATION,indoor,low_ventilation,IndoorLowVentilation,multiple_points,5 point sources,high,5,Tc-99m,0.75,75.0,CONTROLLED,"(60, 60, 30)",0.5,0.5,0.5,0.05,600.0,704.3631860101182,704.3631860101182,0.0,5551.8477186969285,nan,nan,nan,14.999446829864736,15.008468652023614,8.223926620649891,62.51061393300006,12000,,nan,nan,,OK,
Tc99m_Q0.75_MULTIPLE_POINTS_INDOOR_NORMAL_VENTILATION,indoor,normal_ventilation,IndoorNormalVentilation,multiple_points,5 point sources,high,5,Tc-99m,0.75,75.0,CONTROLLED,"(60, 60, 30)",0.5,0.5,0.5,0.05,600.0,508.38904668975573,508.38904668975573,0.0,5424.350364904196,nan,nan,nan,14.997476733981612,15.021613075313299,9.246218474843989,62.662274992000675,12000,,nan,nan,,OK,
Tc99m_Q0.75_MULTIPLE_POINTS_INDOOR_HIGH_VENTILATION,indoor,high_ventilation,IndoorHighVentilation,multiple_points,5 point sources,high,5,Tc-99m,0.75,75.0,CONTROLLED,"(60, 60, 30)",0.5,0.5,0.5,0.05,600.0,49.373263508916274,49.373263508916274,0.0,702.9234104043845,nan,nan,nan,15.000000000000005,16.98909865079069,10.991994127574502,64.31923681899934,12000,,nan,nan,,OK,
Tc99m_Q0.75_MULTIPLE_POINTS_OUTDOOR_UNIFORM,outdoor,uniform,UniformField,multiple_points,5 point sources,high,5,Tc-99m,0.75,75.0,CONTROLLED,"(60, 60, 30)",0.5,0.5,0.5,0.05,600.0,275.6692527364892,275.6692527364892,0.0,2802.2536930448564,nan,nan,nan,22.19775657091298,15.0,7.500000000764411,20.9738250219998,12000,,nan,nan,,OK,
Tc99m_Q0.75_MULTIPLE_POINTS_OUTDOOR_SHEAR,outdoor,shear,ShearField,multiple_points,5 point sources,high,5,Tc-99m,0.75,75.0,CONTROLLED,"(60, 60, 30)",0.5,0.5,0.5,0.05,600.0,259.7298736143501,259.7298736143501,0.0,2553.058329375002,nan,nan,nan,22.20105638565775,15.0,7.492848239667078,20.820237706000626,12000,,nan,nan,,OK,
Tc99m_Q0.75_MULTIPLE_POINTS_OUTDOOR_GUST,outdoor,gust,GustField,multiple_points,5 point sources,high,5,Tc-99m,0.75,75.0,CONTROLLED,"(60, 60, 30)",0.5,0.5,0.5,0.05,600.0,305.9039882049366,296.34238602176384,0.0,2873.614808927225,nan,nan,nan,22.01239334256686,15.0,7.50000000092111,21.465535707999152,12000,,nan,nan,,OK,
Tc99m_Q0.75_MULTIPLE_POINTS_OUTDOOR_VORTEX,outdoor,vortex,VortexField,multiple_points,5 point sources,high,5,Tc-99m,0.75,75.0,CONTROLLED,"(60, 60, 30)",0.5,0.5,0.5,0.05,600.0,895.746395115165,895.746395115165,0.0,5571.375913930338,nan,nan,nan,15.000000000002906,15.000000000002336,7.500000110981568,21.02712991199951,12000,,nan,nan,,OK,
Tc99m_Q0.75_PLANAR_INDOOR_CLOSED,indoor,closed,IndoorClosedRoom,planar,planar source (49 cells),high,49,Tc-99m,0.75,75.0,CONTROLLED,"(60, 60, 30)",0.5,0.5,0.5,0.05,600.0,308.7846022084921,308.7846022084921,0.0,5571.375914080934,nan,nan,nan,14.999999999999996,14.999999999999996,7.500000111117276,62.48104410999986,12000,,nan,nan,,OK,
Tc99m_Q0.75_PLANAR_INDOOR_LOW_VENTILATION,indoor,low_ventilation,IndoorLowVentilation,planar,planar source (49 cells),high,49,Tc-99m,0.75,75.0,CONTROLLED,"(60, 60, 30)",0.5,0.5,0.5,0.05,600.0,211.82613058140316,211.82613058140316,0.0,5565.845260532418,nan,nan,nan,14.999457934196004,14.99801449872746,8.22518654126253,62.82837080399986,12000,,nan,nan,,OK,
Tc99m_Q0.75_PLANAR_INDOOR_NORMAL_VENTILATION,indoor,normal_ventilation,IndoorNormalVentilation,planar,planar source (49 cells),high,49,Tc-99m,0.75,75.0,CONTROLLED,"(60, 60, 30)",0.5,0.5,0.5,0.05,600.0,118.82187789267321,118.82187789267321,0.0,5466.507889276638,nan,nan,nan,14.997490037577784,14.995442129562319,9.250538282697882,62.57643619400005,12000,,nan,nan,,OK,
Tc99m_Q0.75_PLANAR_INDOOR_HIGH_VENTILATION,indoor,high_ventilation,IndoorHighVentilation,planar,planar source (49 cells),high,49,Tc-99m,0.75,75.0,CONTROLLED,"(60, 60, 30)",0.5,0.5,0.5,0.05,600.0,7.6349969437880505,7.6349969437880505,0.0,702.9233830390901,nan,nan,nan,15.000000000000009,16.989098146018247,10.991994012896866,64.05402109200077,12000,,nan,nan,,OK,
Tc99m_Q0.75_PLANAR_OUTDOOR_UNIFORM,outdoor,uniform,UniformField,planar,planar source (49 cells),high,49,Tc-99m,0.75,75.0,CONTROLLED,"(60, 60, 30)",0.5,0.5,0.5,0.05,600.0,81.64967235499613,81.64967235499613,0.0,2802.2475937239,nan,nan,nan,22.19442721294663,15.0,7.5000000007758105,21.09499373700055,12000,,nan,nan,,OK,
Tc99m_Q0.75_PLANAR_OUTDOOR_SHEAR,outdoor,shear,ShearField,planar,planar source (49 cells),high,49,Tc-99m,0.75,75.0,CONTROLLED,"(60, 60, 30)",0.5,0.5,0.5,0.05,600.0,75.89426062438105,75.89426062438105,0.0,2553.053985646064,nan,nan,nan,22.19772702319219,15.000000000000002,7.49284517512953,20.994707674999518,12000,,nan,nan,,OK,
Tc99m_Q0.75_PLANAR_OUTDOOR_GUST,outdoor,gust,GustField,planar,planar source (49 cells),high,49,Tc-99m,0.75,75.0,CONTROLLED,"(60, 60, 30)",0.5,0.5,0.5,0.05,600.0,91.36043945525115,91.1738745603784,0.0,2873.502082699322,nan,nan,nan,22.008841867247803,14.999999999999998,7.500000000934511,21.330594536999342,12000,,nan,nan,,OK,
Tc99m_Q0.75_PLANAR_OUTDOOR_VORTEX,outdoor,vortex,VortexField,planar,planar source (49 cells),high,49,Tc-99m,0.75,75.0,CONTROLLED,"(60, 60, 30)",0.5,0.5,0.5,0.05,600.0,302.6864060055814,302.6864060055814,0.0,5571.375913933798,nan,nan,nan,15.000000000005297,15.000000000004434,7.500000110981569,21.0079530160001,12000,,nan,nan,,OK,
Tc99m_Q0.75_VOLUMETRIC_INDOOR_CLOSED,indoor,closed,IndoorClosedRoom,volumetric,3-D volumetric source (75 cells),high,75,Tc-99m,0.75,75.0,CONTROLLED,"(60, 60, 30)",0.5,0.5,0.5,0.05,600.0,360.1629621569867,360.1629621569867,0.0,5571.3760950588985,nan,nan,nan,14.999999999999998,14.999999999999998,7.500000268969869,61.92445998400035,12000,,nan,nan,,OK,
Tc99m_Q0.75_VOLUMETRIC_INDOOR_LOW_VENTILATION,indoor,low_ventilation,IndoorLowVentilation,volumetric,3-D volumetric source (75 cells),high,75,Tc-99m,0.75,75.0,CONTROLLED,"(60, 60, 30)",0.5,0.5,0.5,0.05,600.0,295.4642296465999,295.4642296465999,0.0,5548.282059644856,nan,nan,nan,15.000056891785437,14.998777784376264,8.221775059116217,62.40274864799903,12000,,nan,nan,,OK,
Tc99m_Q0.75_VOLUMETRIC_INDOOR_NORMAL_VENTILATION,indoor,normal_ventilation,IndoorNormalVentilation,volumetric,3-D volumetric source (75 cells),high,75,Tc-99m,0.75,75.0,CONTROLLED,"(60, 60, 30)",0.5,0.5,0.5,0.05,600.0,202.69634995179513,202.69634995179513,0.0,5408.591014548119,nan,nan,nan,14.9989979569733,14.997979361996608,9.234756510753673,62.031250570998964,12000,,nan,nan,,OK,
Tc99m_Q0.75_VOLUMETRIC_INDOOR_HIGH_VENTILATION,indoor,high_ventilation,IndoorHighVentilation,volumetric,3-D volumetric source (75 cells),high,75,Tc-99m,0.75,75.0,CONTROLLED,"(60, 60, 30)",0.5,0.5,0.5,0.05,600.0,14.451390445734575,14.451390445734575,0.0,702.9211644713586,nan,nan,nan,15.000000000000009,16.994638947752122,10.980895067639096,63.59681753800032,12000,,nan,nan,,OK,
Tc99m_Q0.75_VOLUMETRIC_OUTDOOR_UNIFORM,outdoor,uniform,UniformField,volumetric,3-D volumetric source (75 cells),high,75,Tc-99m,0.75,75.0,CONTROLLED,"(60, 60, 30)",0.5,0.5,0.5,0.05,600.0,49.075354153523456,49.075354153523456,0.0,2802.278942322895,nan,nan,nan,22.211075822408983,15.0,7.500000002326911,20.595336503,12000,,nan,nan,,OK,
Tc99m_Q0.75_VOLUMETRIC_OUTDOOR_SHEAR,outdoor,shear,ShearField,volumetric,3-D volumetric source (75 cells),high,75,Tc-99m,0.75,75.0,CONTROLLED,"(60, 60, 30)",0.5,0.5,0.5,0.05,600.0,44.80182779837865,44.80182779837865,0.0,2553.8866414167646,nan,nan,nan,22.214379454872777,15.0,7.488645983244033,20.694852227999945,12000,,nan,nan,,OK,
Tc99m_Q0.75_VOLUMETRIC_OUTDOOR_GUST,outdoor,gust,GustField,volumetric,3-D volumetric source (75 cells),high,75,Tc-99m,0.75,75.0,CONTROLLED,"(60, 60, 30)",0.5,0.5,0.5,0.05,600.0,59.91139971689559,59.88915537772579,0.0,2873.870160976341,nan,nan,nan,22.026058508928458,14.999999999999998,7.500000002778422,21.2487084409986,12000,,nan,nan,,OK,
Tc99m_Q0.75_VOLUMETRIC_OUTDOOR_VORTEX,outdoor,vortex,VortexField,volumetric,3-D volumetric source (75 cells),high,75,Tc-99m,0.75,75.0,CONTROLLED,"(60, 60, 30)",0.5,0.5,0.5,0.05,600.0,345.89004022334063,345.89004022334063,0.0,5571.376094700023,nan,nan,nan,15.000000000000725,15.000000000000583,7.500000268658914,20.657016791999922,12000,,nan,nan,,OK,
Tc99m_Q1_MULTIPLE_POINTS_INDOOR_CLOSED,indoor,closed,IndoorClosedRoom,multiple_points,5 point sources,high,5,Tc-99m,1.0,100.0,REFERENCE,"(60, 60, 30)",0.5,0.5,0.5,0.05,600.0,1217.0662787725723,1217.0662787725723,0.0,7428.50121877417,nan,nan,nan,15.0,15.000000000000002,7.500000111117281,61.50656209999943,12000,,nan,nan,,OK,
Tc99m_Q1_MULTIPLE_POINTS_INDOOR_LOW_VENTILATION,indoor,low_ventilation,IndoorLowVentilation,multiple_points,5 point sources,high,5,Tc-99m,1.0,100.0,REFERENCE,"(60, 60, 30)",0.5,0.5,0.5,0.05,600.0,939.1509146801574,939.1509146801574,0.0,7402.463624929235,nan,nan,nan,14.999446829864738,15.008468652023614,8.22392662064989,61.76819504699961,12000,,nan,nan,,OK,
Tc99m_Q1_MULTIPLE_POINTS_INDOOR_NORMAL_VENTILATION,indoor,normal_ventilation,IndoorNormalVentilation,multiple_points,5 point sources,high,5,Tc-99m,1.0,100.0,REFERENCE,"(60, 60, 30)",0.5,0.5,0.5,0.05,600.0,677.8520622530073,677.8520622530073,0.0,7232.467153205598,nan,nan,nan,14.99747673398161,15.021613075313299,9.246218474843985,61.81899326700113,12000,,nan,nan,,OK,
Tc99m_Q1_MULTIPLE_POINTS_INDOOR_HIGH_VENTILATION,indoor,high_ventilation,IndoorHighVentilation,multiple_points,5 point sources,high,5,Tc-99m,1.0,100.0,REFERENCE,"(60, 60, 30)",0.5,0.5,0.5,0.05,600.0,65.83101801188745,65.83101801188745,0.0,937.23121387251,nan,nan,nan,15.000000000000005,16.989098650790684,10.991994127574504,63.27454705799937,12000,,nan,nan,,OK,
Tc99m_Q1_MULTIPLE_POINTS_OUTDOOR_UNIFORM,outdoor,uniform,UniformField,multiple_points,5 point sources,high,5,Tc-99m,1.0,100.0,REFERENCE,"(60, 60, 30)",0.5,0.5,0.5,0.05,600.0,367.55900364865676,367.55900364865676,0.0,3736.3382573931067,nan,nan,nan,22.197756570912997,15.0,7.500000000764409,20.69796274500004,12000,,nan,nan,,OK,
Tc99m_Q1_MULTIPLE_POINTS_OUTDOOR_SHEAR,outdoor,shear,ShearField,multiple_points,5 point sources,high,5,Tc-99m,1.0,100.0,REFERENCE,"(60, 60, 30)",0.5,0.5,0.5,0.05,600.0,346.306498152452,346.306498152452,0.0,3404.077772499933,nan,nan,nan,22.201056385657782,14.999999999999996,7.492848239667072,20.590312192000056,12000,,nan,nan,,OK,
Tc99m_Q1_MULTIPLE_POINTS_OUTDOOR_GUST,outdoor,gust,GustField,multiple_points,5 point sources,high,5,Tc-99m,1.0,100.0,REFERENCE,"(60, 60, 30)",0.5,0.5,0.5,0.05,600.0,407.8719842732499,395.12318136235115,0.0,3831.4864119029644,nan,nan,nan,22.01239334256686,15.000000000000002,7.500000000921111,21.10284997599956,12000,,nan,nan,,OK,
Tc99m_Q1_MULTIPLE_POINTS_OUTDOOR_VORTEX,outdoor,vortex,VortexField,multiple_points,5 point sources,high,5,Tc-99m,1.0,100.0,REFERENCE,"(60, 60, 30)",0.5,0.5,0.5,0.05,600.0,1194.3285268202196,1194.3285268202196,0.0,7428.501218573798,nan,nan,nan,15.000000000002903,15.000000000002332,7.500000110981568,20.860572960000354,12000,,nan,nan,,OK,
Tc99m_Q1_PLANAR_INDOOR_CLOSED,indoor,closed,IndoorClosedRoom,planar,planar source (49 cells),high,49,Tc-99m,1.0,100.0,REFERENCE,"(60, 60, 30)",0.5,0.5,0.5,0.05,600.0,411.71280294461803,411.71280294461803,0.0,7428.501218773648,nan,nan,nan,14.999999999999998,15.0,7.50000011111728,61.8748190740007,12000,,nan,nan,,OK,
Tc99m_Q1_PLANAR_INDOOR_LOW_VENTILATION,indoor,low_ventilation,IndoorLowVentilation,planar,planar source (49 cells),high,49,Tc-99m,1.0,100.0,REFERENCE,"(60, 60, 30)",0.5,0.5,0.5,0.05,600.0,282.4348407751441,282.4348407751441,0.0,7421.1270140429615,nan,nan,nan,14.999457934196004,14.998014498727459,8.225186541262566,61.822012484999505,12000,,nan,nan,,OK,
Tc99m_Q1_PLANAR_INDOOR_NORMAL_VENTILATION,indoor,normal_ventilation,IndoorNormalVentilation,planar,planar source (49 cells),high,49,Tc-99m,1.0,100.0,REFERENCE,"(60, 60, 30)",0.5,0.5,0.5,0.05,600.0,158.42917052357893,158.42917052357893,0.0,7288.677185702813,nan,nan,nan,14.997490037577782,14.995442129562317,9.25053828269787,62.156454629999644,12000,,nan,nan,,OK,
Tc99m_Q1_PLANAR_INDOOR_HIGH_VENTILATION,indoor,high_ventilation,IndoorHighVentilation,planar,planar source (49 cells),high,49,Tc-99m,1.0,100.0,REFERENCE,"(60, 60, 30)",0.5,0.5,0.5,0.05,600.0,10.179995925050683,10.179995925050683,0.0,937.2311773854381,nan,nan,nan,15.000000000000016,16.98909814601825,10.99199401289687,63.57234875999893,12000,,nan,nan,,OK,
Tc99m_Q1_PLANAR_OUTDOOR_UNIFORM,outdoor,uniform,UniformField,planar,planar source (49 cells),high,49,Tc-99m,1.0,100.0,REFERENCE,"(60, 60, 30)",0.5,0.5,0.5,0.05,600.0,108.86622980666564,108.86622980666564,0.0,3736.3301249653573,nan,nan,nan,22.194427212946653,15.000000000000002,7.5000000007758105,20.702439224000045,12000,,nan,nan,,OK,
Tc99m_Q1_PLANAR_OUTDOOR_SHEAR,outdoor,shear,ShearField,planar,planar source (49 cells),high,49,Tc-99m,1.0,100.0,REFERENCE,"(60, 60, 30)",0.5,0.5,0.5,0.05,600.0,101.1923474991824,101.1923474991824,0.0,3404.0719808615377,nan,nan,nan,22.19772702319221,14.999999999999996,7.492845175129529,20.812696906001293,12000,,nan,nan,,OK,
Tc99m_Q1_PLANAR_OUTDOOR_GUST,outdoor,gust,GustField,planar,planar source (49 cells),high,49,Tc-99m,1.0,100.0,REFERENCE,"(60, 60, 30)",0.5,0.5,0.5,0.05,600.0,121.81391927367608,121.56516608051211,0.0,3831.3361102659637,nan,nan,nan,22.008841867247813,15.0,7.500000000934511,21.2417219759991,12000,,nan,nan,,OK,
Tc99m_Q1_PLANAR_OUTDOOR_VORTEX,outdoor,vortex,VortexField,planar,planar source (49 cells),high,49,Tc-99m,1.0,100.0,REFERENCE,"(60, 60, 30)",0.5,0.5,0.5,0.05,600.0,403.58187467406685,403.58187467406685,0.0,7428.50121857755,nan,nan,nan,15.000000000005288,15.000000000004432,7.500000110981568,20.906075732000318,12000,,nan,nan,,OK,
Tc99m_Q1_VOLUMETRIC_INDOOR_CLOSED,indoor,closed,IndoorClosedRoom,volumetric,3-D volumetric source (75 cells),high,75,Tc-99m,1.0,100.0,REFERENCE,"(60, 60, 30)",0.5,0.5,0.5,0.05,600.0,480.21728287587183,480.21728287587183,0.0,7428.501460077143,nan,nan,nan,15.0,14.999999999999998,7.50000026896987,62.359376013000656,12000,,nan,nan,,OK,
Tc99m_Q1_VOLUMETRIC_INDOOR_LOW_VENTILATION,indoor,low_ventilation,IndoorLowVentilation,volumetric,3-D volumetric source (75 cells),high,75,Tc-99m,1.0,100.0,REFERENCE,"(60, 60, 30)",0.5,0.5,0.5,0.05,600.0,393.95230619538256,393.95230619538256,0.0,7397.709412858696,nan,nan,nan,15.00005689178544,14.99877778437626,8.221775059116245,61.89866114199867,12000,,nan,nan,,OK,
Tc99m_Q1_VOLUMETRIC_INDOOR_NORMAL_VENTILATION,indoor,normal_ventilation,IndoorNormalVentilation,volumetric,3-D volumetric source (75 cells),high,75,Tc-99m,1.0,100.0,REFERENCE,"(60, 60, 30)",0.5,0.5,0.5,0.05,600.0,270.2617999356818,270.2617999356818,0.0,7211.454686063695,nan,nan,nan,14.998997956973305,14.997979361996611,9.2347565107537,62.66533067799901,12000,,nan,nan,,OK,
Tc99m_Q1_VOLUMETRIC_INDOOR_HIGH_VENTILATION,indoor,high_ventilation,IndoorHighVentilation,volumetric,3-D volumetric source (75 cells),high,75,Tc-99m,1.0,100.0,REFERENCE,"(60, 60, 30)",0.5,0.5,0.5,0.05,600.0,19.268520594312452,19.268520594312452,0.0,937.2282192951417,nan,nan,nan,15.000000000000009,16.994638947752122,10.980895067639105,64.3091403769995,12000,,nan,nan,,OK,
Tc99m_Q1_VOLUMETRIC_OUTDOOR_UNIFORM,outdoor,uniform,UniformField,volumetric,3-D volumetric source (75 cells),high,75,Tc-99m,1.0,100.0,REFERENCE,"(60, 60, 30)",0.5,0.5,0.5,0.05,600.0,65.43380553803351,65.43380553803351,0.0,3736.3719230973625,nan,nan,nan,22.21107582240898,15.0,7.500000002326909,20.733312249998562,12000,,nan,nan,,OK,
Tc99m_Q1_VOLUMETRIC_OUTDOOR_SHEAR,outdoor,shear,ShearField,volumetric,3-D volumetric source (75 cells),high,75,Tc-99m,1.0,100.0,REFERENCE,"(60, 60, 30)",0.5,0.5,0.5,0.05,600.0,59.735770397840035,59.735770397840035,0.0,3405.1821885558243,nan,nan,nan,22.21437945487277,15.000000000000002,7.488645983244034,20.810255127000346,12000,,nan,nan,,OK,
Tc99m_Q1_VOLUMETRIC_OUTDOOR_GUST,outdoor,gust,GustField,volumetric,3-D volumetric source (75 cells),high,75,Tc-99m,1.0,100.0,REFERENCE,"(60, 60, 30)",0.5,0.5,0.5,0.05,600.0,79.88186628919647,79.85220717030327,0.0,3831.8268813019204,nan,nan,nan,22.02605850892846,14.999999999999996,7.50000000277842,21.44474739299949,12000,,nan,nan,,OK,
Tc99m_Q1_VOLUMETRIC_OUTDOOR_VORTEX,outdoor,vortex,VortexField,volumetric,3-D volumetric source (75 cells),high,75,Tc-99m,1.0,100.0,REFERENCE,"(60, 60, 30)",0.5,0.5,0.5,0.05,600.0,461.1867202976846,461.1867202976846,0.0,7428.501459598737,nan,nan,nan,15.000000000000727,15.000000000000584,7.500000268658915,20.739034083999286,12000,,nan,nan,,OK,
Tc99m_Q1.5_MULTIPLE_POINTS_INDOOR_CLOSED,indoor,closed,IndoorClosedRoom,multiple_points,5 point sources,high,5,Tc-99m,1.5,150.0,UNCONTROLLED,"(60, 60, 30)",0.5,0.5,0.5,0.05,600.0,1825.5994181588562,1825.5994181588562,0.0,11142.751828161243,nan,nan,nan,15.0,15.0,7.50000011111728,61.48771232400031,12000,,nan,nan,,OK,
Tc99m_Q1.5_MULTIPLE_POINTS_INDOOR_LOW_VENTILATION,indoor,low_ventilation,IndoorLowVentilation,multiple_points,5 point sources,high,5,Tc-99m,1.5,150.0,UNCONTROLLED,"(60, 60, 30)",0.5,0.5,0.5,0.05,600.0,1408.7263720202363,1408.7263720202363,0.0,11103.695437393857,nan,nan,nan,14.999446829864736,15.008468652023614,8.223926620649891,61.66527835299894,12000,,nan,nan,,OK,
Tc99m_Q1.5_MULTIPLE_POINTS_INDOOR_NORMAL_VENTILATION,indoor,normal_ventilation,IndoorNormalVentilation,multiple_points,5 point sources,high,5,Tc-99m,1.5,150.0,UNCONTROLLED,"(60, 60, 30)",0.5,0.5,0.5,0.05,600.0,1016.7780933795115,1016.7780933795115,0.0,10848.700729808392,nan,nan,nan,14.997476733981612,15.021613075313299,9.246218474843989,61.43534068600093,12000,,nan,nan,,OK,
Tc99m_Q1.5_MULTIPLE_POINTS_INDOOR_HIGH_VENTILATION,indoor,high_ventilation,IndoorHighVentilation,multiple_points,5 point sources,high,5,Tc-99m,1.5,150.0,UNCONTROLLED,"(60, 60, 30)",0.5,0.5,0.5,0.05,600.0,98.74652701783255,98.74652701783255,0.0,1405.846820808769,nan,nan,nan,15.000000000000005,16.98909865079069,10.991994127574502,63.296299604000524,12000,,nan,nan,,OK,
Tc99m_Q1.5_MULTIPLE_POINTS_OUTDOOR_UNIFORM,outdoor,uniform,UniformField,multiple_points,5 point sources,high,5,Tc-99m,1.5,150.0,UNCONTROLLED,"(60, 60, 30)",0.5,0.5,0.5,0.05,600.0,551.3385054729785,551.3385054729785,0.0,5604.507386089713,nan,nan,nan,22.19775657091298,15.0,7.500000000764411,20.669444827000916,12000,,nan,nan,,OK,
Tc99m_Q1.5_MULTIPLE_POINTS_OUTDOOR_SHEAR,outdoor,shear,ShearField,multiple_points,5 point sources,high,5,Tc-99m,1.5,150.0,UNCONTROLLED,"(60, 60, 30)",0.5,0.5,0.5,0.05,600.0,519.4597472287002,519.4597472287002,0.0,5106.116658750004,nan,nan,nan,22.20105638565775,15.0,7.492848239667078,20.852300853999623,12000,,nan,nan,,OK,
Tc99m_Q1.5_MULTIPLE_POINTS_OUTDOOR_GUST,outdoor,gust,GustField,multiple_points,5 point sources,high,5,Tc-99m,1.5,150.0,UNCONTROLLED,"(60, 60, 30)",0.5,0.5,0.5,0.05,600.0,611.8079764098732,592.6847720435277,0.0,5747.22961785445,nan,nan,nan,22.01239334256686,15.0,7.50000000092111,21.0657737370002,12000,,nan,nan,,OK,
Tc99m_Q1.5_MULTIPLE_POINTS_OUTDOOR_VORTEX,outdoor,vortex,VortexField,multiple_points,5 point sources,high,5,Tc-99m,1.5,150.0,UNCONTROLLED,"(60, 60, 30)",0.5,0.5,0.5,0.05,600.0,1791.49279023033,1791.49279023033,0.0,11142.751827860677,nan,nan,nan,15.000000000002906,15.000000000002336,7.500000110981568,20.613011174998974,12000,,nan,nan,,OK,
Tc99m_Q1.5_PLANAR_INDOOR_CLOSED,indoor,closed,IndoorClosedRoom,planar,planar source (49 cells),high,49,Tc-99m,1.5,150.0,UNCONTROLLED,"(60, 60, 30)",0.5,0.5,0.5,0.05,600.0,617.5692044169842,617.5692044169842,0.0,11142.751828161869,nan,nan,nan,14.999999999999996,14.999999999999996,7.500000111117276,61.836967989000186,12000,,nan,nan,,OK,
Tc99m_Q1.5_PLANAR_INDOOR_LOW_VENTILATION,indoor,low_ventilation,IndoorLowVentilation,planar,planar source (49 cells),high,49,Tc-99m,1.5,150.0,UNCONTROLLED,"(60, 60, 30)",0.5,0.5,0.5,0.05,600.0,423.6522611628063,423.6522611628063,0.0,11131.690521064837,nan,nan,nan,14.999457934196004,14.99801449872746,8.22518654126253,62.241467765999914,12000,,nan,nan,,OK,
Tc99m_Q1.5_PLANAR_INDOOR_NORMAL_VENTILATION,indoor,normal_ventilation,IndoorNormalVentilation,planar,planar source (49 cells),high,49,Tc-99m,1.5,150.0,UNCONTROLLED,"(60, 60, 30)",0.5,0.5,0.5,0.05,600.0,237.64375578534643,237.64375578534643,0.0,10933.015778553276,nan,nan,nan,14.997490037577784,14.995442129562319,9.250538282697882,61.94789233600022,12000,,nan,nan,,OK,
Tc99m_Q1.5_PLANAR_INDOOR_HIGH_VENTILATION,indoor,high_ventilation,IndoorHighVentilation,planar,planar source (49 cells),high,49,Tc-99m,1.5,150.0,UNCONTROLLED,"(60, 60, 30)",0.5,0.5,0.5,0.05,600.0,15.269993887576101,15.269993887576101,0.0,1405.8467660781803,nan,nan,nan,15.000000000000009,16.989098146018247,10.991994012896866,63.33317733199874,12000,,nan,nan,,OK,
Tc99m_Q1.5_PLANAR_OUTDOOR_UNIFORM,outdoor,uniform,UniformField,planar,planar source (49 cells),high,49,Tc-99m,1.5,150.0,UNCONTROLLED,"(60, 60, 30)",0.5,0.5,0.5,0.05,600.0,163.29934470999225,163.29934470999225,0.0,5604.4951874478,nan,nan,nan,22.19442721294663,15.0,7.5000000007758105,20.700094134999745,12000,,nan,nan,,OK,
Tc99m_Q1.5_PLANAR_OUTDOOR_SHEAR,outdoor,shear,ShearField,planar,planar source (49 cells),high,49,Tc-99m,1.5,150.0,UNCONTROLLED,"(60, 60, 30)",0.5,0.5,0.5,0.05,600.0,151.7885212487621,151.7885212487621,0.0,5106.107971292128,nan,nan,nan,22.19772702319219,15.000000000000002,7.49284517512953,20.777335909999238,12000,,nan,nan,,OK,
Tc99m_Q1.5_PLANAR_OUTDOOR_GUST,outdoor,gust,GustField,planar,planar source (49 cells),high,49,Tc-99m,1.5,150.0,UNCONTROLLED,"(60, 60, 30)",0.5,0.5,0.5,0.05,600.0,182.7208789105023,182.3477491207568,0.0,5747.004165398644,nan,nan,nan,22.008841867247803,14.999999999999998,7.500000000934511,21.261224751000555,12000,,nan,nan,,OK,
Tc99m_Q1.5_PLANAR_OUTDOOR_VORTEX,outdoor,vortex,VortexField,planar,planar source (49 cells),high,49,Tc-99m,1.5,150.0,UNCONTROLLED,"(60, 60, 30)",0.5,0.5,0.5,0.05,600.0,605.3728120111628,605.3728120111628,0.0,11142.751827867596,nan,nan,nan,15.000000000005297,15.000000000004434,7.500000110981569,20.631736489000104,12000,,nan,nan,,OK,
Tc99m_Q1.5_VOLUMETRIC_INDOOR_CLOSED,indoor,closed,IndoorClosedRoom,volumetric,3-D volumetric source (75 cells),high,75,Tc-99m,1.5,150.0,UNCONTROLLED,"(60, 60, 30)",0.5,0.5,0.5,0.05,600.0,720.3259243139734,720.3259243139734,0.0,11142.752190117797,nan,nan,nan,14.999999999999998,14.999999999999998,7.500000268969869,62.05632674299886,12000,,nan,nan,,OK,
Tc99m_Q1.5_VOLUMETRIC_INDOOR_LOW_VENTILATION,indoor,low_ventilation,IndoorLowVentilation,volumetric,3-D volumetric source (75 cells),high,75,Tc-99m,1.5,150.0,UNCONTROLLED,"(60, 60, 30)",0.5,0.5,0.5,0.05,600.0,590.9284592931998,590.9284592931998,0.0,11096.564119289713,nan,nan,nan,15.000056891785437,14.998777784376264,8.221775059116217,61.926616249998915,12000,,nan,nan,,OK,
Tc99m_Q1.5_VOLUMETRIC_INDOOR_NORMAL_VENTILATION,indoor,normal_ventilation,IndoorNormalVentilation,volumetric,3-D volumetric source (75 cells),high,75,Tc-99m,1.5,150.0,UNCONTROLLED,"(60, 60, 30)",0.5,0.5,0.5,0.05,600.0,405.39269990359026,405.39269990359026,0.0,10817.182029096239,nan,nan,nan,14.9989979569733,14.997979361996608,9.234756510753673,61.78241146200162,12000,,nan,nan,,OK,
Tc99m_Q1.5_VOLUMETRIC_INDOOR_HIGH_VENTILATION,indoor,high_ventilation,IndoorHighVentilation,volumetric,3-D volumetric source (75 cells),high,75,Tc-99m,1.5,150.0,UNCONTROLLED,"(60, 60, 30)",0.5,0.5,0.5,0.05,600.0,28.90278089146915,28.90278089146915,0.0,1405.8423289427171,nan,nan,nan,15.000000000000009,16.994638947752122,10.980895067639096,63.44267046599998,12000,,nan,nan,,OK,
Tc99m_Q1.5_VOLUMETRIC_OUTDOOR_UNIFORM,outdoor,uniform,UniformField,volumetric,3-D volumetric source (75 cells),high,75,Tc-99m,1.5,150.0,UNCONTROLLED,"(60, 60, 30)",0.5,0.5,0.5,0.05,600.0,98.15070830704691,98.15070830704691,0.0,5604.55788464579,nan,nan,nan,22.211075822408983,15.0,7.500000002326911,20.936323248999543,12000,,nan,nan,,OK,
Tc99m_Q1.5_VOLUMETRIC_OUTDOOR_SHEAR,outdoor,shear,ShearField,volumetric,3-D volumetric source (75 cells),high,75,Tc-99m,1.5,150.0,UNCONTROLLED,"(60, 60, 30)",0.5,0.5,0.5,0.05,600.0,89.6036555967573,89.6036555967573,0.0,5107.773282833529,nan,nan,nan,22.214379454872777,15.0,7.488645983244033,20.804916398001296,12000,,nan,nan,,OK,
Tc99m_Q1.5_VOLUMETRIC_OUTDOOR_GUST,outdoor,gust,GustField,volumetric,3-D volumetric source (75 cells),high,75,Tc-99m,1.5,150.0,UNCONTROLLED,"(60, 60, 30)",0.5,0.5,0.5,0.05,600.0,119.82279943379118,119.77831075545159,0.0,5747.740321952682,nan,nan,nan,22.026058508928458,14.999999999999998,7.500000002778422,21.197497942001064,12000,,nan,nan,,OK,
Tc99m_Q1.5_VOLUMETRIC_OUTDOOR_VORTEX,outdoor,vortex,VortexField,volumetric,3-D volumetric source (75 cells),high,75,Tc-99m,1.5,150.0,UNCONTROLLED,"(60, 60, 30)",0.5,0.5,0.5,0.05,600.0,691.7800804466813,691.7800804466813,0.0,11142.752189400046,nan,nan,nan,15.000000000000725,15.000000000000583,7.500000268658914,20.733245666000585,12000,,nan,nan,,OK,
Tc99m_Q2_MULTIPLE_POINTS_INDOOR_CLOSED,indoor,closed,IndoorClosedRoom,multiple_points,5 point sources,high,5,Tc-99m,2.0,200.0,UNCONTROLLED,"(60, 60, 30)",0.5,0.5,0.5,0.05,600.0,2434.1325575451447,2434.1325575451447,0.0,14857.00243754834,nan,nan,nan,15.0,15.000000000000002,7.500000111117281,61.867087528999036,12000,,nan,nan,,OK,
Tc99m_Q2_MULTIPLE_POINTS_INDOOR_LOW_VENTILATION,indoor,low_ventilation,IndoorLowVentilation,multiple_points,5 point sources,high,5,Tc-99m,2.0,200.0,UNCONTROLLED,"(60, 60, 30)",0.5,0.5,0.5,0.05,600.0,1878.3018293603147,1878.3018293603147,0.0,14804.92724985847,nan,nan,nan,14.999446829864738,15.008468652023614,8.22392662064989,61.844376363000265,12000,,nan,nan,,OK,
Tc99m_Q2_MULTIPLE_POINTS_INDOOR_NORMAL_VENTILATION,indoor,normal_ventilation,IndoorNormalVentilation,multiple_points,5 point sources,high,5,Tc-99m,2.0,200.0,UNCONTROLLED,"(60, 60, 30)",0.5,0.5,0.5,0.05,600.0,1355.7041245060145,1355.7041245060145,0.0,14464.934306411196,nan,nan,nan,14.99747673398161,15.021613075313299,9.246218474843985,61.96982539899909,12000,,nan,nan,,OK,
Tc99m_Q2_MULTIPLE_POINTS_INDOOR_HIGH_VENTILATION,indoor,high_ventilation,IndoorHighVentilation,multiple_points,5 point sources,high,5,Tc-99m,2.0,200.0,UNCONTROLLED,"(60, 60, 30)",0.5,0.5,0.5,0.05,600.0,131.6620360237749,131.6620360237749,0.0,1874.46242774502,nan,nan,nan,15.000000000000005,16.989098650790684,10.991994127574504,63.42433289700057,12000,,nan,nan,,OK,
Tc99m_Q2_MULTIPLE_POINTS_OUTDOOR_UNIFORM,outdoor,uniform,UniformField,multiple_points,5 point sources,high,5,Tc-99m,2.0,200.0,UNCONTROLLED,"(60, 60, 30)",0.5,0.5,0.5,0.05,600.0,735.1180072973135,735.1180072973135,0.0,7472.676514786213,nan,nan,nan,22.197756570912997,15.0,7.500000000764409,20.727837708000152,12000,,nan,nan,,OK,
Tc99m_Q2_MULTIPLE_POINTS_OUTDOOR_SHEAR,outdoor,shear,ShearField,multiple_points,5 point sources,high,5,Tc-99m,2.0,200.0,UNCONTROLLED,"(60, 60, 30)",0.5,0.5,0.5,0.05,600.0,692.612996304904,692.612996304904,0.0,6808.155544999866,nan,nan,nan,22.201056385657782,14.999999999999996,7.492848239667072,20.804939992000072,12000,,nan,nan,,OK,
Tc99m_Q2_MULTIPLE_POINTS_OUTDOOR_GUST,outdoor,gust,GustField,multiple_points,5 point sources,high,5,Tc-99m,2.0,200.0,UNCONTROLLED,"(60, 60, 30)",0.5,0.5,0.5,0.05,600.0,815.7439685464998,790.2463627247023,0.0,7662.972823805929,nan,nan,nan,22.01239334256686,15.000000000000002,7.500000000921111,21.286419965999812,12000,,nan,nan,,OK,
Tc99m_Q2_MULTIPLE_POINTS_OUTDOOR_VORTEX,outdoor,vortex,VortexField,multiple_points,5 point sources,high,5,Tc-99m,2.0,200.0,UNCONTROLLED,"(60, 60, 30)",0.5,0.5,0.5,0.05,600.0,2388.6570536404392,2388.6570536404392,0.0,14857.002437147596,nan,nan,nan,15.000000000002903,15.000000000002332,7.500000110981568,21.07310821200008,12000,,nan,nan,,OK,
Tc99m_Q2_PLANAR_INDOOR_CLOSED,indoor,closed,IndoorClosedRoom,planar,planar source (49 cells),high,49,Tc-99m,2.0,200.0,UNCONTROLLED,"(60, 60, 30)",0.5,0.5,0.5,0.05,600.0,823.4256058892361,823.4256058892361,0.0,14857.002437547297,nan,nan,nan,14.999999999999998,15.0,7.50000011111728,61.938085343999774,12000,,nan,nan,,OK,
Tc99m_Q2_PLANAR_INDOOR_LOW_VENTILATION,indoor,low_ventilation,IndoorLowVentilation,planar,planar source (49 cells),high,49,Tc-99m,2.0,200.0,UNCONTROLLED,"(60, 60, 30)",0.5,0.5,0.5,0.05,600.0,564.8696815502882,564.8696815502882,0.0,14842.254028085923,nan,nan,nan,14.999457934196004,14.998014498727459,8.225186541262566,62.18973892899885,12000,,nan,nan,,OK,
Tc99m_Q2_PLANAR_INDOOR_NORMAL_VENTILATION,indoor,normal_ventilation,IndoorNormalVentilation,planar,planar source (49 cells),high,49,Tc-99m,2.0,200.0,UNCONTROLLED,"(60, 60, 30)",0.5,0.5,0.5,0.05,600.0,316.85834104715786,316.85834104715786,0.0,14577.354371405627,nan,nan,nan,14.997490037577782,14.995442129562317,9.25053828269787,62.39947963399936,12000,,nan,nan,,OK,
Tc99m_Q2_PLANAR_INDOOR_HIGH_VENTILATION,indoor,high_ventilation,IndoorHighVentilation,planar,planar source (49 cells),high,49,Tc-99m,2.0,200.0,UNCONTROLLED,"(60, 60, 30)",0.5,0.5,0.5,0.05,600.0,20.359991850101366,20.359991850101366,0.0,1874.4623547708761,nan,nan,nan,15.000000000000016,16.98909814601825,10.99199401289687,63.722468931999174,12000,,nan,nan,,OK,
Tc99m_Q2_PLANAR_OUTDOOR_UNIFORM,outdoor,uniform,UniformField,planar,planar source (49 cells),high,49,Tc-99m,2.0,200.0,UNCONTROLLED,"(60, 60, 30)",0.5,0.5,0.5,0.05,600.0,217.7324596133313,217.7324596133313,0.0,7472.660249930715,nan,nan,nan,22.194427212946653,15.000000000000002,7.5000000007758105,21.001780079999662,12000,,nan,nan,,OK,
Tc99m_Q2_PLANAR_OUTDOOR_SHEAR,outdoor,shear,ShearField,planar,planar source (49 cells),high,49,Tc-99m,2.0,200.0,UNCONTROLLED,"(60, 60, 30)",0.5,0.5,0.5,0.05,600.0,202.3846949983648,202.3846949983648,0.0,6808.143961723075,nan,nan,nan,22.19772702319221,14.999999999999996,7.492845175129529,20.825874852000197,12000,,nan,nan,,OK,
Tc99m_Q2_PLANAR_OUTDOOR_GUST,outdoor,gust,GustField,planar,planar source (49 cells),high,49,Tc-99m,2.0,200.0,UNCONTROLLED,"(60, 60, 30)",0.5,0.5,0.5,0.05,600.0,243.62783854735216,243.13033216102423,0.0,7662.672220531927,nan,nan,nan,22.008841867247813,15.0,7.500000000934511,21.681307625000045,12000,,nan,nan,,OK,
Tc99m_Q2_PLANAR_OUTDOOR_VORTEX,outdoor,vortex,VortexField,planar,planar source (49 cells),high,49,Tc-99m,2.0,200.0,UNCONTROLLED,"(60, 60, 30)",0.5,0.5,0.5,0.05,600.0,807.1637493481337,807.1637493481337,0.0,14857.0024371551,nan,nan,nan,15.000000000005288,15.000000000004432,7.500000110981568,21.1106121899993,12000,,nan,nan,,OK,
Tc99m_Q2_VOLUMETRIC_INDOOR_CLOSED,indoor,closed,IndoorClosedRoom,volumetric,3-D volumetric source (75 cells),high,75,Tc-99m,2.0,200.0,UNCONTROLLED,"(60, 60, 30)",0.5,0.5,0.5,0.05,600.0,960.4345657517437,960.4345657517437,0.0,14857.002920154286,nan,nan,nan,15.0,14.999999999999998,7.50000026896987,62.28474631500103,12000,,nan,nan,,OK,
Tc99m_Q2_VOLUMETRIC_INDOOR_LOW_VENTILATION,indoor,low_ventilation,IndoorLowVentilation,volumetric,3-D volumetric source (75 cells),high,75,Tc-99m,2.0,200.0,UNCONTROLLED,"(60, 60, 30)",0.5,0.5,0.5,0.05,600.0,787.9046123907651,787.9046123907651,0.0,14795.418825717392,nan,nan,nan,15.00005689178544,14.99877778437626,8.221775059116245,62.358162566999454,12000,,nan,nan,,OK,
Tc99m_Q2_VOLUMETRIC_INDOOR_NORMAL_VENTILATION,indoor,normal_ventilation,IndoorNormalVentilation,volumetric,3-D volumetric source (75 cells),high,75,Tc-99m,2.0,200.0,UNCONTROLLED,"(60, 60, 30)",0.5,0.5,0.5,0.05,600.0,540.5235998713636,540.5235998713636,0.0,14422.90937212739,nan,nan,nan,14.998997956973305,14.997979361996611,9.2347565107537,62.16329374099951,12000,,nan,nan,,OK,
Tc99m_Q2_VOLUMETRIC_INDOOR_HIGH_VENTILATION,indoor,high_ventilation,IndoorHighVentilation,volumetric,3-D volumetric source (75 cells),high,75,Tc-99m,2.0,200.0,UNCONTROLLED,"(60, 60, 30)",0.5,0.5,0.5,0.05,600.0,38.537041188624904,38.537041188624904,0.0,1874.4564385902834,nan,nan,nan,15.000000000000009,16.994638947752122,10.980895067639105,63.54593469000065,12000,,nan,nan,,OK,
Tc99m_Q2_VOLUMETRIC_OUTDOOR_UNIFORM,outdoor,uniform,UniformField,volumetric,3-D volumetric source (75 cells),high,75,Tc-99m,2.0,200.0,UNCONTROLLED,"(60, 60, 30)",0.5,0.5,0.5,0.05,600.0,130.86761107606702,130.86761107606702,0.0,7472.743846194725,nan,nan,nan,22.21107582240898,15.0,7.500000002326909,20.713229151000633,12000,,nan,nan,,OK,
Tc99m_Q2_VOLUMETRIC_OUTDOOR_SHEAR,outdoor,shear,ShearField,volumetric,3-D volumetric source (75 cells),high,75,Tc-99m,2.0,200.0,UNCONTROLLED,"(60, 60, 30)",0.5,0.5,0.5,0.05,600.0,119.47154079568007,119.47154079568007,0.0,6810.3643771116485,nan,nan,nan,22.21437945487277,15.000000000000002,7.488645983244034,20.95145944199976,12000,,nan,nan,,OK,
Tc99m_Q2_VOLUMETRIC_OUTDOOR_GUST,outdoor,gust,GustField,volumetric,3-D volumetric source (75 cells),high,75,Tc-99m,2.0,200.0,UNCONTROLLED,"(60, 60, 30)",0.5,0.5,0.5,0.05,600.0,159.76373257839293,159.70441434060655,0.0,7663.653762603841,nan,nan,nan,22.02605850892846,14.999999999999996,7.50000000277842,21.21523864700066,12000,,nan,nan,,OK,
Tc99m_Q2_VOLUMETRIC_OUTDOOR_VORTEX,outdoor,vortex,VortexField,volumetric,3-D volumetric source (75 cells),high,75,Tc-99m,2.0,200.0,UNCONTROLLED,"(60, 60, 30)",0.5,0.5,0.5,0.05,600.0,922.3734405953692,922.3734405953692,0.0,14857.002919197474,nan,nan,nan,15.000000000000727,15.000000000000584,7.500000268658915,20.90212956399955,12000,,nan,nan,,OK,
Tc99m_Q5_MULTIPLE_POINTS_INDOOR_CLOSED,indoor,closed,IndoorClosedRoom,multiple_points,5 point sources,high,5,Tc-99m,5.0,500.0,UNCONTROLLED,"(60, 60, 30)",0.5,0.5,0.5,0.05,600.0,6085.331393862858,6085.331393862858,0.0,37142.50609387082,nan,nan,nan,15.0,15.000000000000002,7.50000011111728,61.93636248799885,12000,,nan,nan,,OK,
Tc99m_Q5_MULTIPLE_POINTS_INDOOR_LOW_VENTILATION,indoor,low_ventilation,IndoorLowVentilation,multiple_points,5 point sources,high,5,Tc-99m,5.0,500.0,UNCONTROLLED,"(60, 60, 30)",0.5,0.5,0.5,0.05,600.0,4695.754573400765,4695.754573400765,0.0,37012.318124646175,nan,nan,nan,14.999446829864738,15.008468652023618,8.223926620649893,61.970718246000615,12000,,nan,nan,,OK,
Tc99m_Q5_MULTIPLE_POINTS_INDOOR_NORMAL_VENTILATION,indoor,normal_ventilation,IndoorNormalVentilation,multiple_points,5 point sources,high,5,Tc-99m,5.0,500.0,UNCONTROLLED,"(60, 60, 30)",0.5,0.5,0.5,0.05,600.0,3389.2603112650386,3389.2603112650386,0.0,36162.33576602796,nan,nan,nan,14.997476733981609,15.021613075313299,9.246218474843987,61.96783237700038,12000,,nan,nan,,OK,
Tc99m_Q5_MULTIPLE_POINTS_INDOOR_HIGH_VENTILATION,indoor,high_ventilation,IndoorHighVentilation,multiple_points,5 point sources,high,5,Tc-99m,5.0,500.0,UNCONTROLLED,"(60, 60, 30)",0.5,0.5,0.5,0.05,600.0,329.15509005944284,329.15509005944284,0.0,4686.156069362589,nan,nan,nan,15.000000000000005,16.989098650790694,10.99199412757451,63.52396810400023,12000,,nan,nan,,OK,
Tc99m_Q5_MULTIPLE_POINTS_OUTDOOR_UNIFORM,outdoor,uniform,UniformField,multiple_points,5 point sources,high,5,Tc-99m,5.0,500.0,UNCONTROLLED,"(60, 60, 30)",0.5,0.5,0.5,0.05,600.0,1837.7950182432344,1837.7950182432344,0.0,18681.691286965724,nan,nan,nan,22.197756570912983,15.000000000000002,7.500000000764409,20.726890609999828,12000,,nan,nan,,OK,
Tc99m_Q5_MULTIPLE_POINTS_OUTDOOR_SHEAR,outdoor,shear,ShearField,multiple_points,5 point sources,high,5,Tc-99m,5.0,500.0,UNCONTROLLED,"(60, 60, 30)",0.5,0.5,0.5,0.05,600.0,1731.5324907622105,1731.5324907622105,0.0,17020.38886249962,nan,nan,nan,22.201056385657793,14.999999999999998,7.492848239667074,20.457320973000606,12000,,nan,nan,,OK,
Tc99m_Q5_MULTIPLE_POINTS_OUTDOOR_GUST,outdoor,gust,GustField,multiple_points,5 point sources,high,5,Tc-99m,5.0,500.0,UNCONTROLLED,"(60, 60, 30)",0.5,0.5,0.5,0.05,600.0,2039.3599213662499,1975.6159068117584,0.0,19157.432059514827,nan,nan,nan,22.012393342566853,14.999999999999998,7.5000000009211085,20.930923247000464,12000,,nan,nan,,OK,
Tc99m_Q5_MULTIPLE_POINTS_OUTDOOR_VORTEX,outdoor,vortex,VortexField,multiple_points,5 point sources,high,5,Tc-99m,5.0,500.0,UNCONTROLLED,"(60, 60, 30)",0.5,0.5,0.5,0.05,600.0,5971.6426341011065,5971.6426341011065,0.0,37142.506092868935,nan,nan,nan,15.000000000002904,15.000000000002334,7.500000110981568,20.655471116000626,12000,,nan,nan,,OK,
Tc99m_Q5_PLANAR_INDOOR_CLOSED,indoor,closed,IndoorClosedRoom,planar,planar source (49 cells),high,49,Tc-99m,5.0,500.0,UNCONTROLLED,"(60, 60, 30)",0.5,0.5,0.5,0.05,600.0,2058.564014723787,2058.564014723787,0.0,37142.50609387594,nan,nan,nan,15.0,15.0,7.500000111117279,61.386428498000896,12000,,nan,nan,,OK,
Tc99m_Q5_PLANAR_INDOOR_LOW_VENTILATION,indoor,low_ventilation,IndoorLowVentilation,planar,planar source (49 cells),high,49,Tc-99m,5.0,500.0,UNCONTROLLED,"(60, 60, 30)",0.5,0.5,0.5,0.05,600.0,1412.1742038760933,1412.1742038760933,0.0,37105.63507021615,nan,nan,nan,14.999457934196002,14.998014498727457,8.225186541262532,61.73870340100075,12000,,nan,nan,,OK,
Tc99m_Q5_PLANAR_INDOOR_NORMAL_VENTILATION,indoor,normal_ventilation,IndoorNormalVentilation,planar,planar source (49 cells),high,49,Tc-99m,5.0,500.0,UNCONTROLLED,"(60, 60, 30)",0.5,0.5,0.5,0.05,600.0,792.145852617851,792.145852617851,0.0,36443.385928512216,nan,nan,nan,14.997490037577782,14.995442129562319,9.250538282697876,61.959081438000794,12000,,nan,nan,,OK,
Tc99m_Q5_PLANAR_INDOOR_HIGH_VENTILATION,indoor,high_ventilation,IndoorHighVentilation,planar,planar source (49 cells),high,49,Tc-99m,5.0,500.0,UNCONTROLLED,"(60, 60, 30)",0.5,0.5,0.5,0.05,600.0,50.899979625253415,50.899979625253415,0.0,4686.155886927184,nan,nan,nan,15.000000000000012,16.989098146018254,10.991994012896866,63.41610382100043,12000,,nan,nan,,OK,
Tc99m_Q5_PLANAR_OUTDOOR_UNIFORM,outdoor,uniform,UniformField,planar,planar source (49 cells),high,49,Tc-99m,5.0,500.0,UNCONTROLLED,"(60, 60, 30)",0.5,0.5,0.5,0.05,600.0,544.3311490333311,544.3311490333311,0.0,18681.650624826383,nan,nan,nan,22.19442721294664,15.000000000000004,7.500000000775809,20.763700279998375,12000,,nan,nan,,OK,
Tc99m_Q5_PLANAR_OUTDOOR_SHEAR,outdoor,shear,ShearField,planar,planar source (49 cells),high,49,Tc-99m,5.0,500.0,UNCONTROLLED,"(60, 60, 30)",0.5,0.5,0.5,0.05,600.0,505.96173749590156,505.96173749590156,0.0,17020.359904307516,nan,nan,nan,22.197727023192193,15.000000000000002,7.49284517512953,20.6772029140011,12000,,nan,nan,,OK,
Tc99m_Q5_PLANAR_OUTDOOR_GUST,outdoor,gust,GustField,planar,planar source (49 cells),high,49,Tc-99m,5.0,500.0,UNCONTROLLED,"(60, 60, 30)",0.5,0.5,0.5,0.05,600.0,609.0695963683588,607.8258304025394,0.0,19156.680551329275,nan,nan,nan,22.008841867247817,15.000000000000004,7.500000000934512,21.499794174998897,12000,,nan,nan,,OK,
Tc99m_Q5_PLANAR_OUTDOOR_VORTEX,outdoor,vortex,VortexField,planar,planar source (49 cells),high,49,Tc-99m,5.0,500.0,UNCONTROLLED,"(60, 60, 30)",0.5,0.5,0.5,0.05,600.0,2017.9093733710174,2017.9093733710174,0.0,37142.50609289434,nan,nan,nan,15.000000000005294,15.000000000004432,7.500000110981569,20.795290174999536,12000,,nan,nan,,OK,
Tc99m_Q5_VOLUMETRIC_INDOOR_CLOSED,indoor,closed,IndoorClosedRoom,volumetric,3-D volumetric source (75 cells),high,75,Tc-99m,5.0,500.0,UNCONTROLLED,"(60, 60, 30)",0.5,0.5,0.5,0.05,600.0,2401.086414379457,2401.086414379457,0.0,37142.50730038447,nan,nan,nan,15.0,15.0,7.50000026896987,62.429247355999905,12000,,nan,nan,,OK,
Tc99m_Q5_VOLUMETRIC_INDOOR_LOW_VENTILATION,indoor,low_ventilation,IndoorLowVentilation,volumetric,3-D volumetric source (75 cells),high,75,Tc-99m,5.0,500.0,UNCONTROLLED,"(60, 60, 30)",0.5,0.5,0.5,0.05,600.0,1969.7615309767682,1969.7615309767682,0.0,36988.54706429364,nan,nan,nan,15.000056891785437,14.998777784376259,8.221775059116245,61.902532850999705,12000,,nan,nan,,OK,
Tc99m_Q5_VOLUMETRIC_INDOOR_NORMAL_VENTILATION,indoor,normal_ventilation,IndoorNormalVentilation,volumetric,3-D volumetric source (75 cells),high,75,Tc-99m,5.0,500.0,UNCONTROLLED,"(60, 60, 30)",0.5,0.5,0.5,0.05,600.0,1351.308999678434,1351.308999678434,0.0,36057.273430321045,nan,nan,nan,14.998997956973302,14.997979361996611,9.234756510753689,61.948926126000515,12000,,nan,nan,,OK,
Tc99m_Q5_VOLUMETRIC_INDOOR_HIGH_VENTILATION,indoor,high_ventilation,IndoorHighVentilation,volumetric,3-D volumetric source (75 cells),high,75,Tc-99m,5.0,500.0,UNCONTROLLED,"(60, 60, 30)",0.5,0.5,0.5,0.05,600.0,96.34260297156233,96.34260297156233,0.0,4686.141096475679,nan,nan,nan,15.000000000000012,16.994638947752126,10.980895067639104,63.64654568000151,12000,,nan,nan,,OK,
Tc99m_Q5_VOLUMETRIC_OUTDOOR_UNIFORM,outdoor,uniform,UniformField,volumetric,3-D volumetric source (75 cells),high,75,Tc-99m,5.0,500.0,UNCONTROLLED,"(60, 60, 30)",0.5,0.5,0.5,0.05,600.0,327.16902769015985,327.16902769015985,0.0,18681.859615486148,nan,nan,nan,22.21107582240899,15.000000000000002,7.50000000232691,20.975800901000184,12000,,nan,nan,,OK,
Tc99m_Q5_VOLUMETRIC_OUTDOOR_SHEAR,outdoor,shear,ShearField,volumetric,3-D volumetric source (75 cells),high,75,Tc-99m,5.0,500.0,UNCONTROLLED,"(60, 60, 30)",0.5,0.5,0.5,0.05,600.0,298.67885198919765,298.67885198919765,0.0,17025.910942778737,nan,nan,nan,22.214379454872752,15.000000000000002,7.4886459832440355,20.79830606500036,12000,,nan,nan,,OK,
Tc99m_Q5_VOLUMETRIC_OUTDOOR_GUST,outdoor,gust,GustField,volumetric,3-D volumetric source (75 cells),high,75,Tc-99m,5.0,500.0,UNCONTROLLED,"(60, 60, 30)",0.5,0.5,0.5,0.05,600.0,399.409331445974,399.2610358515084,0.0,19159.134406509158,nan,nan,nan,22.026058508928454,14.999999999999993,7.500000002778418,21.33822351299932,12000,,nan,nan,,OK,
Tc99m_Q5_VOLUMETRIC_OUTDOOR_VORTEX,outdoor,vortex,VortexField,volumetric,3-D volumetric source (75 cells),high,75,Tc-99m,5.0,500.0,UNCONTROLLED,"(60, 60, 30)",0.5,0.5,0.5,0.05,600.0,2305.9336014884675,2305.9336014884675,0.0,37142.50729799261,nan,nan,nan,15.000000000000725,15.000000000000584,7.500000268658915,21.188712978000694,12000,,nan,nan,,OK,
I131_Q0.25_MULTIPLE_POINTS_INDOOR_CLOSED,indoor,closed,IndoorClosedRoom,multiple_points,5 point sources,high,5,I-131,0.25,25.0,CONTROLLED,"(60, 60, 30)",0.5,0.5,0.5,0.05,600.0,305.2841820027677,305.2841820027677,0.0,1874.4375233635305,nan,nan,nan,14.999999999999996,14.999999999999995,7.500000111973375,61.6484109489993,12000,,nan,nan,,OK,
I131_Q0.25_MULTIPLE_POINTS_INDOOR_LOW_VENTILATION,indoor,low_ventilation,IndoorLowVentilation,multiple_points,5 point sources,high,5,I-131,0.25,25.0,CONTROLLED,"(60, 60, 30)",0.5,0.5,0.5,0.05,600.0,235.40737938450766,235.40737938450766,0.0,1867.8462222856788,nan,nan,nan,14.999445208363188,15.00846998520749,8.226169090670835,62.04272404400035,12000,,nan,nan,,OK,
I131_Q0.25_MULTIPLE_POINTS_INDOOR_NORMAL_VENTILATION,indoor,normal_ventilation,IndoorNormalVentilation,multiple_points,5 point sources,high,5,I-131,0.25,25.0,CONTROLLED,"(60, 60, 30)",0.5,0.5,0.5,0.05,600.0,169.7251959591868,169.7251959591868,0.0,1824.7452185137108,nan,nan,nan,14.997467284655848,15.021619796938648,9.251538922284633,62.17121206500087,12000,,nan,nan,,OK,
I131_Q0.25_MULTIPLE_POINTS_INDOOR_HIGH_VENTILATION,indoor,high_ventilation,IndoorHighVentilation,multiple_points,5 point sources,high,5,I-131,0.25,25.0,CONTROLLED,"(60, 60, 30)",0.5,0.5,0.5,0.05,600.0,16.459622514957857,16.459622514957857,0.0,234.59685881237422,nan,nan,nan,15.000000000000004,16.99011040615875,10.993404753443114,63.37531848699837,12000,,nan,nan,,OK,
I131_Q0.25_MULTIPLE_POINTS_OUTDOOR_UNIFORM,outdoor,uniform,UniformField,multiple_points,5 point sources,high,5,I-131,0.25,25.0,CONTROLLED,"(60, 60, 30)",0.5,0.5,0.5,0.05,600.0,91.97304853532792,91.97304853532792,0.0,938.6017279885367,nan,nan,nan,22.20930722136884,15.0,7.500000000770078,20.653009690000545,12000,,nan,nan,,OK,
I131_Q0.25_MULTIPLE_POINTS_OUTDOOR_SHEAR,outdoor,shear,ShearField,multiple_points,5 point sources,high,5,I-131,0.25,25.0,CONTROLLED,"(60, 60, 30)",0.5,0.5,0.5,0.05,600.0,86.64973710648891,86.64973710648891,0.0,854.7666008942282,nan,nan,nan,22.211577601818252,15.000000000000002,7.492814223121179,20.738258536001013,12000,,nan,nan,,OK,
I131_Q0.25_MULTIPLE_POINTS_OUTDOOR_GUST,outdoor,gust,GustField,multiple_points,5 point sources,high,5,I-131,0.25,25.0,CONTROLLED,"(60, 60, 30)",0.5,0.5,0.5,0.05,600.0,102.05964195045382,98.87634823907567,0.0,962.6168054585878,nan,nan,nan,22.024543190360987,14.999999999999998,7.500000000927976,21.317128673999832,12000,,nan,nan,,OK,
I131_Q0.25_MULTIPLE_POINTS_OUTDOOR_VORTEX,outdoor,vortex,VortexField,multiple_points,5 point sources,high,5,I-131,0.25,25.0,CONTROLLED,"(60, 60, 30)",0.5,0.5,0.5,0.05,600.0,299.5457396875908,299.5457396875908,0.0,1874.4375233124936,nan,nan,nan,15.000000000002931,15.000000000002354,7.500000111836399,20.717364262000046,12000,,nan,nan,,OK,
I131_Q0.25_PLANAR_INDOOR_CLOSED,indoor,closed,IndoorClosedRoom,planar,planar source (49 cells),high,49,I-131,0.25,25.0,CONTROLLED,"(60, 60, 30)",0.5,0.5,0.5,0.05,600.0,103.59706336718884,103.59706336718884,0.0,1874.437523363394,nan,nan,nan,15.0,15.0,7.5000001119733755,62.18823250600144,12000,,nan,nan,,OK,
I131_Q0.25_PLANAR_INDOOR_LOW_VENTILATION,indoor,low_ventilation,IndoorLowVentilation,planar,planar source (49 cells),high,49,I-131,0.25,25.0,CONTROLLED,"(60, 60, 30)",0.5,0.5,0.5,0.05,600.0,70.99483458792712,70.99483458792712,0.0,1872.5595715979193,nan,nan,nan,14.999456254049687,14.99801020583804,8.227429967084765,61.85056307400009,12000,,nan,nan,,OK,
I131_Q0.25_PLANAR_INDOOR_NORMAL_VENTILATION,indoor,normal_ventilation,IndoorNormalVentilation,planar,planar source (49 cells),high,49,I-131,0.25,25.0,CONTROLLED,"(60, 60, 30)",0.5,0.5,0.5,0.05,600.0,39.74166265736366,39.74166265736366,0.0,1838.93905717301,nan,nan,nan,14.997480522395179,14.995433537557286,9.25585650395708,61.730162974999985,12000,,nan,nan,,OK,
I131_Q0.25_PLANAR_INDOOR_HIGH_VENTILATION,indoor,high_ventilation,IndoorHighVentilation,planar,planar source (49 cells),high,49,I-131,0.25,25.0,CONTROLLED,"(60, 60, 30)",0.5,0.5,0.5,0.05,600.0,2.5454052967738434,2.5454052967738434,0.0,234.5968496477827,nan,nan,nan,15.000000000000014,16.990109899676277,10.993404638424384,63.45656354700077,12000,,nan,nan,,OK,
I131_Q0.25_PLANAR_OUTDOOR_UNIFORM,outdoor,uniform,UniformField,planar,planar source (49 cells),high,49,I-131,0.25,25.0,CONTROLLED,"(60, 60, 30)",0.5,0.5,0.5,0.05,600.0,27.246681489490005,27.246681489490005,0.0,938.6016105088408,nan,nan,nan,22.205977928067014,14.999999999999998,7.500000000781578,20.886530357000083,12000,,nan,nan,,OK,
I131_Q0.25_PLANAR_OUTDOOR_SHEAR,outdoor,shear,ShearField,planar,planar source (49 cells),high,49,I-131,0.25,25.0,CONTROLLED,"(60, 60, 30)",0.5,0.5,0.5,0.05,600.0,25.323784705332002,25.323784705332002,0.0,854.766748390794,nan,nan,nan,22.20824831662972,14.999999999999998,7.4928111043122705,20.422428803000003,12000,,nan,nan,,OK,
I131_Q0.25_PLANAR_OUTDOOR_GUST,outdoor,gust,GustField,planar,planar source (49 cells),high,49,I-131,0.25,25.0,CONTROLLED,"(60, 60, 30)",0.5,0.5,0.5,0.05,600.0,30.490247952685685,30.42785961734229,0.0,962.5808340137538,nan,nan,nan,22.020991163163234,15.000000000000002,7.500000000941496,21.111905013998694,12000,,nan,nan,,OK,
I131_Q0.25_PLANAR_OUTDOOR_VORTEX,outdoor,vortex,VortexField,planar,planar source (49 cells),high,49,I-131,0.25,25.0,CONTROLLED,"(60, 60, 30)",0.5,0.5,0.5,0.05,600.0,101.53740881947638,101.53740881947638,0.0,1874.4375233134479,nan,nan,nan,15.000000000005342,15.00000000000447,7.500000111836399,20.504718934000266,12000,,nan,nan,,OK,
I131_Q0.25_VOLUMETRIC_INDOOR_CLOSED,indoor,closed,IndoorClosedRoom,volumetric,3-D volumetric source (75 cells),high,75,I-131,0.25,25.0,CONTROLLED,"(60, 60, 30)",0.5,0.5,0.5,0.05,600.0,120.93490282420998,120.93490282420998,0.0,1874.4375847120468,nan,nan,nan,15.000000000000004,15.000000000000004,7.500000271010818,61.57523637799932,12000,,nan,nan,,OK,
I131_Q0.25_VOLUMETRIC_INDOOR_LOW_VENTILATION,indoor,low_ventilation,IndoorLowVentilation,volumetric,3-D volumetric source (75 cells),high,75,I-131,0.25,25.0,CONTROLLED,"(60, 60, 30)",0.5,0.5,0.5,0.05,600.0,99.16150280671636,99.16150280671636,0.0,1866.6434503976652,nan,nan,nan,15.000055929319053,14.998774566284679,8.224010998275787,61.919274972000494,12000,,nan,nan,,OK,
I131_Q0.25_VOLUMETRIC_INDOOR_NORMAL_VENTILATION,indoor,normal_ventilation,IndoorNormalVentilation,volumetric,3-D volumetric source (75 cells),high,75,I-131,0.25,25.0,CONTROLLED,"(60, 60, 30)",0.5,0.5,0.5,0.05,600.0,67.89698857220709,67.89698857220709,0.0,1819.4267206889454,nan,nan,nan,14.99899027269164,14.997974005666219,9.24003922351653,61.84567867400074,12000,,nan,nan,,OK,
I131_Q0.25_VOLUMETRIC_INDOOR_HIGH_VENTILATION,indoor,high_ventilation,IndoorHighVentilation,volumetric,3-D volumetric source (75 cells),high,75,I-131,0.25,25.0,CONTROLLED,"(60, 60, 30)",0.5,0.5,0.5,0.05,600.0,4.818579355046806,4.818579355046806,0.0,234.59691519294879,nan,nan,nan,15.000000000000007,16.995664602238307,10.982305614407,62.91425193000032,12000,,nan,nan,,OK,
I131_Q0.25_VOLUMETRIC_OUTDOOR_UNIFORM,outdoor,uniform,UniformField,volumetric,3-D volumetric source (75 cells),high,75,I-131,0.25,25.0,CONTROLLED,"(60, 60, 30)",0.5,0.5,0.5,0.05,600.0,16.373805738736507,16.373805738736507,0.0,938.6024874577244,nan,nan,nan,22.222626372940454,15.000000000000002,7.500000002343149,20.55021264900097,12000,,nan,nan,,OK,
I131_Q0.25_VOLUMETRIC_OUTDOOR_SHEAR,outdoor,shear,ShearField,volumetric,3-D volumetric source (75 cells),high,75,I-131,0.25,25.0,CONTROLLED,"(60, 60, 30)",0.5,0.5,0.5,0.05,600.0,14.946705910414366,14.946705910414366,0.0,855.03911725901,nan,nan,nan,22.224904995982385,14.999999999999998,7.488593475778581,20.996068374999595,12000,,nan,nan,,OK,
I131_Q0.25_VOLUMETRIC_OUTDOOR_GUST,outdoor,gust,GustField,volumetric,3-D volumetric source (75 cells),high,75,I-131,0.25,25.0,CONTROLLED,"(60, 60, 30)",0.5,0.5,0.5,0.05,600.0,19.99183381464948,19.984546455206182,0.0,962.6950022596372,nan,nan,nan,22.038210144645433,15.0,7.50000000279793,21.42431467100141,12000,,nan,nan,,OK,
I131_Q0.25_VOLUMETRIC_OUTDOOR_VORTEX,outdoor,vortex,VortexField,volumetric,3-D volumetric source (75 cells),high,75,I-131,0.25,25.0,CONTROLLED,"(60, 60, 30)",0.5,0.5,0.5,0.05,600.0,116.11923088960458,116.11923088960458,0.0,1874.4375845901995,nan,nan,nan,15.00000000000073,15.000000000000588,7.5000002706969555,20.949846571000307,12000,,nan,nan,,OK,
I131_Q0.5_MULTIPLE_POINTS_INDOOR_CLOSED,indoor,closed,IndoorClosedRoom,multiple_points,5 point sources,high,5,I-131,0.5,50.0,CONTROLLED,"(60, 60, 30)",0.5,0.5,0.5,0.05,600.0,610.5683640055354,610.5683640055354,0.0,3748.875046727061,nan,nan,nan,14.999999999999996,14.999999999999995,7.500000111973375,61.67509799799882,12000,,nan,nan,,OK,
I131_Q0.5_MULTIPLE_POINTS_INDOOR_LOW_VENTILATION,indoor,low_ventilation,IndoorLowVentilation,multiple_points,5 point sources,high,5,I-131,0.5,50.0,CONTROLLED,"(60, 60, 30)",0.5,0.5,0.5,0.05,600.0,470.8147587690153,470.8147587690153,0.0,3735.6924445713576,nan,nan,nan,14.999445208363188,15.00846998520749,8.226169090670835,61.74876425699949,12000,,nan,nan,,OK,
I131_Q0.5_MULTIPLE_POINTS_INDOOR_NORMAL_VENTILATION,indoor,normal_ventilation,IndoorNormalVentilation,multiple_points,5 point sources,high,5,I-131,0.5,50.0,CONTROLLED,"(60, 60, 30)",0.5,0.5,0.5,0.05,600.0,339.4503919183736,339.4503919183736,0.0,3649.4904370274216,nan,nan,nan,14.997467284655848,15.021619796938648,9.251538922284633,62.35792400199898,12000,,nan,nan,,OK,
I131_Q0.5_MULTIPLE_POINTS_INDOOR_HIGH_VENTILATION,indoor,high_ventilation,IndoorHighVentilation,multiple_points,5 point sources,high,5,I-131,0.5,50.0,CONTROLLED,"(60, 60, 30)",0.5,0.5,0.5,0.05,600.0,32.919245029915714,32.919245029915714,0.0,469.19371762474844,nan,nan,nan,15.000000000000004,16.99011040615875,10.993404753443114,63.233488664000106,12000,,nan,nan,,OK,
I131_Q0.5_MULTIPLE_POINTS_OUTDOOR_UNIFORM,outdoor,uniform,UniformField,multiple_points,5 point sources,high,5,I-131,0.5,50.0,CONTROLLED,"(60, 60, 30)",0.5,0.5,0.5,0.05,600.0,183.94609707065584,183.94609707065584,0.0,1877.2034559770734,nan,nan,nan,22.20930722136884,15.0,7.500000000770078,20.672393513001225,12000,,nan,nan,,OK,
I131_Q0.5_MULTIPLE_POINTS_OUTDOOR_SHEAR,outdoor,shear,ShearField,multiple_points,5 point sources,high,5,I-131,0.5,50.0,CONTROLLED,"(60, 60, 30)",0.5,0.5,0.5,0.05,600.0,173.29947421297783,173.29947421297783,0.0,1709.5332017884564,nan,nan,nan,22.211577601818252,15.000000000000002,7.492814223121179,20.74024763899979,12000,,nan,nan,,OK,
I131_Q0.5_MULTIPLE_POINTS_OUTDOOR_GUST,outdoor,gust,GustField,multiple_points,5 point sources,high,5,I-131,0.5,50.0,CONTROLLED,"(60, 60, 30)",0.5,0.5,0.5,0.05,600.0,204.11928390090765,197.75269647815134,0.0,1925.2336109171756,nan,nan,nan,22.024543190360987,14.999999999999998,7.500000000927976,21.13971466899966,12000,,nan,nan,,OK,
I131_Q0.5_MULTIPLE_POINTS_OUTDOOR_VORTEX,outdoor,vortex,VortexField,multiple_points,5 point sources,high,5,I-131,0.5,50.0,CONTROLLED,"(60, 60, 30)",0.5,0.5,0.5,0.05,600.0,599.0914793751816,599.0914793751816,0.0,3748.875046624987,nan,nan,nan,15.000000000002931,15.000000000002354,7.500000111836399,20.89067521600009,12000,,nan,nan,,OK,
I131_Q0.5_PLANAR_INDOOR_CLOSED,indoor,closed,IndoorClosedRoom,planar,planar source (49 cells),high,49,I-131,0.5,50.0,CONTROLLED,"(60, 60, 30)",0.5,0.5,0.5,0.05,600.0,207.19412673437768,207.19412673437768,0.0,3748.875046726788,nan,nan,nan,15.0,15.0,7.5000001119733755,62.2014022860003,12000,,nan,nan,,OK,
I131_Q0.5_PLANAR_INDOOR_LOW_VENTILATION,indoor,low_ventilation,IndoorLowVentilation,planar,planar source (49 cells),high,49,I-131,0.5,50.0,CONTROLLED,"(60, 60, 30)",0.5,0.5,0.5,0.05,600.0,141.98966917585423,141.98966917585423,0.0,3745.1191431958387,nan,nan,nan,14.999456254049687,14.99801020583804,8.227429967084765,61.72833914900002,12000,,nan,nan,,OK,
I131_Q0.5_PLANAR_INDOOR_NORMAL_VENTILATION,indoor,normal_ventilation,IndoorNormalVentilation,planar,planar source (49 cells),high,49,I-131,0.5,50.0,CONTROLLED,"(60, 60, 30)",0.5,0.5,0.5,0.05,600.0,79.48332531472732,79.48332531472732,0.0,3677.87811434602,nan,nan,nan,14.997480522395179,14.995433537557286,9.25585650395708,62.1679951189999,12000,,nan,nan,,OK,
I131_Q0.5_PLANAR_INDOOR_HIGH_VENTILATION,indoor,high_ventilation,IndoorHighVentilation,planar,planar source (49 cells),high,49,I-131,0.5,50.0,CONTROLLED,"(60, 60, 30)",0.5,0.5,0.5,0.05,600.0,5.090810593547687,5.090810593547687,0.0,469.1936992955654,nan,nan,nan,15.000000000000014,16.990109899676277,10.993404638424384,63.30398725800114,12000,,nan,nan,,OK,
I131_Q0.5_PLANAR_OUTDOOR_UNIFORM,outdoor,uniform,UniformField,planar,planar source (49 cells),high,49,I-131,0.5,50.0,CONTROLLED,"(60, 60, 30)",0.5,0.5,0.5,0.05,600.0,54.49336297898001,54.49336297898001,0.0,1877.2032210176817,nan,nan,nan,22.205977928067014,14.999999999999998,7.500000000781578,20.88487560700014,12000,,nan,nan,,OK,
I131_Q0.5_PLANAR_OUTDOOR_SHEAR,outdoor,shear,ShearField,planar,planar source (49 cells),high,49,I-131,0.5,50.0,CONTROLLED,"(60, 60, 30)",0.5,0.5,0.5,0.05,600.0,50.647569410664005,50.647569410664005,0.0,1709.533496781588,nan,nan,nan,22.20824831662972,14.999999999999998,7.4928111043122705,21.172326580999652,12000,,nan,nan,,OK,
I131_Q0.5_PLANAR_OUTDOOR_GUST,outdoor,gust,GustField,planar,planar source (49 cells),high,49,I-131,0.5,50.0,CONTROLLED,"(60, 60, 30)",0.5,0.5,0.5,0.05,600.0,60.98049590537137,60.85571923468458,0.0,1925.1616680275076,nan,nan,nan,22.020991163163234,15.000000000000002,7.500000000941496,21.381295114999375,12000,,nan,nan,,OK,
I131_Q0.5_PLANAR_OUTDOOR_VORTEX,outdoor,vortex,VortexField,planar,planar source (49 cells),high,49,I-131,0.5,50.0,CONTROLLED,"(60, 60, 30)",0.5,0.5,0.5,0.05,600.0,203.07481763895277,203.07481763895277,0.0,3748.8750466268957,nan,nan,nan,15.000000000005342,15.00000000000447,7.500000111836399,20.858953455999654,12000,,nan,nan,,OK,
I131_Q0.5_VOLUMETRIC_INDOOR_CLOSED,indoor,closed,IndoorClosedRoom,volumetric,3-D volumetric source (75 cells),high,75,I-131,0.5,50.0,CONTROLLED,"(60, 60, 30)",0.5,0.5,0.5,0.05,600.0,241.86980564841997,241.86980564841997,0.0,3748.8751694240937,nan,nan,nan,15.000000000000004,15.000000000000004,7.500000271010818,62.30952881900157,12000,,nan,nan,,OK,
I131_Q0.5_VOLUMETRIC_INDOOR_LOW_VENTILATION,indoor,low_ventilation,IndoorLowVentilation,volumetric,3-D volumetric source (75 cells),high,75,I-131,0.5,50.0,CONTROLLED,"(60, 60, 30)",0.5,0.5,0.5,0.05,600.0,198.3230056134327,198.3230056134327,0.0,3733.2869007953304,nan,nan,nan,15.000055929319053,14.998774566284679,8.224010998275787,61.88340779099963,12000,,nan,nan,,OK,
I131_Q0.5_VOLUMETRIC_INDOOR_NORMAL_VENTILATION,indoor,normal_ventilation,IndoorNormalVentilation,volumetric,3-D volumetric source (75 cells),high,75,I-131,0.5,50.0,CONTROLLED,"(60, 60, 30)",0.5,0.5,0.5,0.05,600.0,135.79397714441419,135.79397714441419,0.0,3638.8534413778907,nan,nan,nan,14.99899027269164,14.997974005666219,9.24003922351653,62.280325531000926,12000,,nan,nan,,OK,
I131_Q0.5_VOLUMETRIC_INDOOR_HIGH_VENTILATION,indoor,high_ventilation,IndoorHighVentilation,volumetric,3-D volumetric source (75 cells),high,75,I-131,0.5,50.0,CONTROLLED,"(60, 60, 30)",0.5,0.5,0.5,0.05,600.0,9.637158710093612,9.637158710093612,0.0,469.19383038589757,nan,nan,nan,15.000000000000007,16.995664602238307,10.982305614407,63.67437375999907,12000,,nan,nan,,OK,
I131_Q0.5_VOLUMETRIC_OUTDOOR_UNIFORM,outdoor,uniform,UniformField,volumetric,3-D volumetric source (75 cells),high,75,I-131,0.5,50.0,CONTROLLED,"(60, 60, 30)",0.5,0.5,0.5,0.05,600.0,32.747611477473015,32.747611477473015,0.0,1877.2049749154487,nan,nan,nan,22.222626372940454,15.000000000000002,7.500000002343149,21.076315481001075,12000,,nan,nan,,OK,
I131_Q0.5_VOLUMETRIC_OUTDOOR_SHEAR,outdoor,shear,ShearField,volumetric,3-D volumetric source (75 cells),high,75,I-131,0.5,50.0,CONTROLLED,"(60, 60, 30)",0.5,0.5,0.5,0.05,600.0,29.89341182082873,29.89341182082873,0.0,1710.07823451802,nan,nan,nan,22.224904995982385,14.999999999999998,7.488593475778581,20.79858058800164,12000,,nan,nan,,OK,
I131_Q0.5_VOLUMETRIC_OUTDOOR_GUST,outdoor,gust,GustField,volumetric,3-D volumetric source (75 cells),high,75,I-131,0.5,50.0,CONTROLLED,"(60, 60, 30)",0.5,0.5,0.5,0.05,600.0,39.98366762929896,39.969092910412364,0.0,1925.3900045192745,nan,nan,nan,22.038210144645433,15.0,7.50000000279793,21.420323448999625,12000,,nan,nan,,OK,
I131_Q0.5_VOLUMETRIC_OUTDOOR_VORTEX,outdoor,vortex,VortexField,volumetric,3-D volumetric source (75 cells),high,75,I-131,0.5,50.0,CONTROLLED,"(60, 60, 30)",0.5,0.5,0.5,0.05,600.0,232.23846177920916,232.23846177920916,0.0,3748.875169180399,nan,nan,nan,15.00000000000073,15.000000000000588,7.5000002706969555,20.968806000999393,12000,,nan,nan,,OK,
I131_Q0.75_MULTIPLE_POINTS_INDOOR_CLOSED,indoor,closed,IndoorClosedRoom,multiple_points,5 point sources,high,5,I-131,0.75,75.0,CONTROLLED,"(60, 60, 30)",0.5,0.5,0.5,0.05,600.0,915.8525460083024,915.8525460083024,0.0,5623.312570090584,nan,nan,nan,15.000000000000004,15.0,7.500000111973377,61.92688521200034,12000,,nan,nan,,OK,
I131_Q0.75_MULTIPLE_POINTS_INDOOR_LOW_VENTILATION,indoor,low_ventilation,IndoorLowVentilation,multiple_points,5 point sources,high,5,I-131,0.75,75.0,CONTROLLED,"(60, 60, 30)",0.5,0.5,0.5,0.05,600.0,706.2221381535257,706.2221381535257,0.0,5603.53866685704,nan,nan,nan,14.99944520836319,15.008469985207496,8.226169090670833,61.52066602499872,12000,,nan,nan,,OK,
I131_Q0.75_MULTIPLE_POINTS_INDOOR_NORMAL_VENTILATION,indoor,normal_ventilation,IndoorNormalVentilation,multiple_points,5 point sources,high,5,I-131,0.75,75.0,CONTROLLED,"(60, 60, 30)",0.5,0.5,0.5,0.05,600.0,509.1755878775606,509.1755878775606,0.0,5474.235655541131,nan,nan,nan,14.997467284655853,15.021619796938651,9.251538922284634,61.985583261999636,12000,,nan,nan,,OK,
I131_Q0.75_MULTIPLE_POINTS_INDOOR_HIGH_VENTILATION,indoor,high_ventilation,IndoorHighVentilation,multiple_points,5 point sources,high,5,I-131,0.75,75.0,CONTROLLED,"(60, 60, 30)",0.5,0.5,0.5,0.05,600.0,49.37886754487363,49.37886754487363,0.0,703.7905764371221,nan,nan,nan,15.000000000000007,16.990110406158752,10.993404753443114,63.46169483799895,12000,,nan,nan,,OK,
I131_Q0.75_MULTIPLE_POINTS_OUTDOOR_UNIFORM,outdoor,uniform,UniformField,multiple_points,5 point sources,high,5,I-131,0.75,75.0,CONTROLLED,"(60, 60, 30)",0.5,0.5,0.5,0.05,600.0,275.91914560598923,275.91914560598923,0.0,2815.8051839656796,nan,nan,nan,22.20930722136882,14.999999999999998,7.5000000007700764,21.081442995000543,12000,,nan,nan,,OK,
I131_Q0.75_MULTIPLE_POINTS_OUTDOOR_SHEAR,outdoor,shear,ShearField,multiple_points,5 point sources,high,5,I-131,0.75,75.0,CONTROLLED,"(60, 60, 30)",0.5,0.5,0.5,0.05,600.0,259.9492113194582,259.9492113194582,0.0,2564.299802682626,nan,nan,nan,22.211577601818227,14.999999999999998,7.492814223121179,20.66185479500018,12000,,nan,nan,,OK,
I131_Q0.75_MULTIPLE_POINTS_OUTDOOR_GUST,outdoor,gust,GustField,multiple_points,5 point sources,high,5,I-131,0.75,75.0,CONTROLLED,"(60, 60, 30)",0.5,0.5,0.5,0.05,600.0,306.1789258513618,296.6290447172265,0.0,2887.850416375764,nan,nan,nan,22.024543190360994,14.999999999999998,7.500000000927976,21.248598505999325,12000,,nan,nan,,OK,
I131_Q0.75_MULTIPLE_POINTS_OUTDOOR_VORTEX,outdoor,vortex,VortexField,multiple_points,5 point sources,high,5,I-131,0.75,75.0,CONTROLLED,"(60, 60, 30)",0.5,0.5,0.5,0.05,600.0,898.6372190627723,898.6372190627723,0.0,5623.312569937474,nan,nan,nan,15.000000000002931,15.000000000002357,7.5000001118364015,20.79980801000056,12000,,nan,nan,,OK,
I131_Q0.75_PLANAR_INDOOR_CLOSED,indoor,closed,IndoorClosedRoom,planar,planar source (49 cells),high,49,I-131,0.75,75.0,CONTROLLED,"(60, 60, 30)",0.5,0.5,0.5,0.05,600.0,310.7911901015961,310.7911901015961,0.0,5623.31257009089,nan,nan,nan,15.0,15.0,7.500000111973377,61.93467821299964,12000,,nan,nan,,OK,
I131_Q0.75_PLANAR_INDOOR_LOW_VENTILATION,indoor,low_ventilation,IndoorLowVentilation,planar,planar source (49 cells),high,49,I-131,0.75,75.0,CONTROLLED,"(60, 60, 30)",0.5,0.5,0.5,0.05,600.0,212.98450376382755,212.98450376382755,0.0,5617.678714793968,nan,nan,nan,14.999456254049687,14.998010205838042,8.227429967084731,62.11380435400133,12000,,nan,nan,,OK,
I131_Q0.75_PLANAR_INDOOR_NORMAL_VENTILATION,indoor,normal_ventilation,IndoorNormalVentilation,planar,planar source (49 cells),high,49,I-131,0.75,75.0,CONTROLLED,"(60, 60, 30)",0.5,0.5,0.5,0.05,600.0,119.22498797208026,119.22498797208026,0.0,5516.817171518558,nan,nan,nan,14.997480522395174,14.995433537557284,9.255856503957089,62.12146176299939,12000,,nan,nan,,OK,
I131_Q0.75_PLANAR_INDOOR_HIGH_VENTILATION,indoor,high_ventilation,IndoorHighVentilation,planar,planar source (49 cells),high,49,I-131,0.75,75.0,CONTROLLED,"(60, 60, 30)",0.5,0.5,0.5,0.05,600.0,7.6362158903216075,7.6362158903216075,0.0,703.7905489433557,nan,nan,nan,15.00000000000001,16.990109899676273,10.99340463842438,63.42219723800008,12000,,nan,nan,,OK,
I131_Q0.75_PLANAR_OUTDOOR_UNIFORM,outdoor,uniform,UniformField,planar,planar source (49 cells),high,49,I-131,0.75,75.0,CONTROLLED,"(60, 60, 30)",0.5,0.5,0.5,0.05,600.0,81.74004446846149,81.74004446846149,0.0,2815.804831526363,nan,nan,nan,22.20597792806701,15.000000000000002,7.500000000781578,20.808662332001404,12000,,nan,nan,,OK,
I131_Q0.75_PLANAR_OUTDOOR_SHEAR,outdoor,shear,ShearField,planar,planar source (49 cells),high,49,I-131,0.75,75.0,CONTROLLED,"(60, 60, 30)",0.5,0.5,0.5,0.05,600.0,75.97135411599598,75.97135411599598,0.0,2564.3002451722373,nan,nan,nan,22.208248316629685,15.000000000000004,7.492811104312272,21.008396363999054,12000,,nan,nan,,OK,
I131_Q0.75_PLANAR_OUTDOOR_GUST,outdoor,gust,GustField,planar,planar source (49 cells),high,49,I-131,0.75,75.0,CONTROLLED,"(60, 60, 30)",0.5,0.5,0.5,0.05,600.0,91.47074385805142,91.28357885202124,0.0,2887.742502041111,nan,nan,nan,22.020991163163213,14.999999999999998,7.500000000941494,21.363828532001207,12000,,nan,nan,,OK,
I131_Q0.75_PLANAR_OUTDOOR_VORTEX,outdoor,vortex,VortexField,planar,planar source (49 cells),high,49,I-131,0.75,75.0,CONTROLLED,"(60, 60, 30)",0.5,0.5,0.5,0.05,600.0,304.6122264584609,304.6122264584609,0.0,5623.31256994099,nan,nan,nan,15.000000000005336,15.000000000004468,7.500000111836398,20.695172095998714,12000,,nan,nan,,OK,
I131_Q0.75_VOLUMETRIC_INDOOR_CLOSED,indoor,closed,IndoorClosedRoom,volumetric,3-D volumetric source (75 cells),high,75,I-131,0.75,75.0,CONTROLLED,"(60, 60, 30)",0.5,0.5,0.5,0.05,600.0,362.80470847271374,362.80470847271374,0.0,5623.312754137182,nan,nan,nan,14.999999999999998,14.999999999999998,7.500000271010814,62.213640768000914,12000,,nan,nan,,OK,
I131_Q0.75_VOLUMETRIC_INDOOR_LOW_VENTILATION,indoor,low_ventilation,IndoorLowVentilation,volumetric,3-D volumetric source (75 cells),high,75,I-131,0.75,75.0,CONTROLLED,"(60, 60, 30)",0.5,0.5,0.5,0.05,600.0,297.4845084202135,297.4845084202135,0.0,5599.93035119384,nan,nan,nan,15.000055929319055,14.99877456628468,8.224010998275757,61.952925363999384,12000,,nan,nan,,OK,
I131_Q0.75_VOLUMETRIC_INDOOR_NORMAL_VENTILATION,indoor,normal_ventilation,IndoorNormalVentilation,volumetric,3-D volumetric source (75 cells),high,75,I-131,0.75,75.0,CONTROLLED,"(60, 60, 30)",0.5,0.5,0.5,0.05,600.0,203.69096571665446,203.69096571665446,0.0,5458.280162067193,nan,nan,nan,14.998990272691643,14.997974005666222,9.240039223516503,62.08855308599959,12000,,nan,nan,,OK,
I131_Q0.75_VOLUMETRIC_INDOOR_HIGH_VENTILATION,indoor,high_ventilation,IndoorHighVentilation,volumetric,3-D volumetric source (75 cells),high,75,I-131,0.75,75.0,CONTROLLED,"(60, 60, 30)",0.5,0.5,0.5,0.05,600.0,14.455738065140526,14.455738065140526,0.0,703.7907455788516,nan,nan,nan,15.000000000000012,16.99566460223831,10.982305614407007,63.5892145910002,12000,,nan,nan,,OK,
I131_Q0.75_VOLUMETRIC_OUTDOOR_UNIFORM,outdoor,uniform,UniformField,volumetric,3-D volumetric source (75 cells),high,75,I-131,0.75,75.0,CONTROLLED,"(60, 60, 30)",0.5,0.5,0.5,0.05,600.0,49.12141721620791,49.12141721620791,0.0,2815.807462373014,nan,nan,nan,22.222626372940454,15.0,7.500000002343146,21.02418692699939,12000,,nan,nan,,OK,
I131_Q0.75_VOLUMETRIC_OUTDOOR_SHEAR,outdoor,shear,ShearField,volumetric,3-D volumetric source (75 cells),high,75,I-131,0.75,75.0,CONTROLLED,"(60, 60, 30)",0.5,0.5,0.5,0.05,600.0,44.84011773124054,44.84011773124054,0.0,2565.117351776918,nan,nan,nan,22.224904995982385,15.0,7.488593475778576,20.840726712001924,12000,,nan,nan,,OK,
I131_Q0.75_VOLUMETRIC_OUTDOOR_GUST,outdoor,gust,GustField,volumetric,3-D volumetric source (75 cells),high,75,I-131,0.75,75.0,CONTROLLED,"(60, 60, 30)",0.5,0.5,0.5,0.05,600.0,59.975501443946754,59.953639365616795,0.0,2888.085006778814,nan,nan,nan,22.038210144645422,14.999999999999998,7.500000002797928,21.61074826699769,12000,,nan,nan,,OK,
I131_Q0.75_VOLUMETRIC_OUTDOOR_VORTEX,outdoor,vortex,VortexField,volumetric,3-D volumetric source (75 cells),high,75,I-131,0.75,75.0,CONTROLLED,"(60, 60, 30)",0.5,0.5,0.5,0.05,600.0,348.3576926688931,348.3576926688931,0.0,5623.312753771581,nan,nan,nan,15.000000000000735,15.000000000000592,7.500000270696957,21.03046104200257,12000,,nan,nan,,OK,
I131_Q1_MULTIPLE_POINTS_INDOOR_CLOSED,indoor,closed,IndoorClosedRoom,multiple_points,5 point sources,high,5,I-131,1.0,100.0,REFERENCE,"(60, 60, 30)",0.5,0.5,0.5,0.05,600.0,1221.1367280110708,1221.1367280110708,0.0,7497.750093454122,nan,nan,nan,14.999999999999996,14.999999999999995,7.500000111973375,61.99748154899862,12000,,nan,nan,,OK,
I131_Q1_MULTIPLE_POINTS_INDOOR_LOW_VENTILATION,indoor,low_ventilation,IndoorLowVentilation,multiple_points,5 point sources,high,5,I-131,1.0,100.0,REFERENCE,"(60, 60, 30)",0.5,0.5,0.5,0.05,600.0,941.6295175380307,941.6295175380307,0.0,7471.384889142715,nan,nan,nan,14.999445208363188,15.00846998520749,8.226169090670835,61.602831371998036,12000,,nan,nan,,OK,
I131_Q1_MULTIPLE_POINTS_INDOOR_NORMAL_VENTILATION,indoor,normal_ventilation,IndoorNormalVentilation,multiple_points,5 point sources,high,5,I-131,1.0,100.0,REFERENCE,"(60, 60, 30)",0.5,0.5,0.5,0.05,600.0,678.9007838367472,678.9007838367472,0.0,7298.980874054843,nan,nan,nan,14.997467284655848,15.021619796938648,9.251538922284633,61.899357382000744,12000,,nan,nan,,OK,
I131_Q1_MULTIPLE_POINTS_INDOOR_HIGH_VENTILATION,indoor,high_ventilation,IndoorHighVentilation,multiple_points,5 point sources,high,5,I-131,1.0,100.0,REFERENCE,"(60, 60, 30)",0.5,0.5,0.5,0.05,600.0,65.83849005983143,65.83849005983143,0.0,938.3874352494969,nan,nan,nan,15.000000000000004,16.99011040615875,10.993404753443114,63.361738912000874,12000,,nan,nan,,OK,
I131_Q1_MULTIPLE_POINTS_OUTDOOR_UNIFORM,outdoor,uniform,UniformField,multiple_points,5 point sources,high,5,I-131,1.0,100.0,REFERENCE,"(60, 60, 30)",0.5,0.5,0.5,0.05,600.0,367.8921941413117,367.8921941413117,0.0,3754.406911954147,nan,nan,nan,22.20930722136884,15.0,7.500000000770078,21.00772030099688,12000,,nan,nan,,OK,
I131_Q1_MULTIPLE_POINTS_OUTDOOR_SHEAR,outdoor,shear,ShearField,multiple_points,5 point sources,high,5,I-131,1.0,100.0,REFERENCE,"(60, 60, 30)",0.5,0.5,0.5,0.05,600.0,346.59894842595565,346.59894842595565,0.0,3419.0664035769128,nan,nan,nan,22.211577601818252,15.000000000000002,7.492814223121179,20.901450416000444,12000,,nan,nan,,OK,
I131_Q1_MULTIPLE_POINTS_OUTDOOR_GUST,outdoor,gust,GustField,multiple_points,5 point sources,high,5,I-131,1.0,100.0,REFERENCE,"(60, 60, 30)",0.5,0.5,0.5,0.05,600.0,408.2385678018153,395.50539295630267,0.0,3850.467221834351,nan,nan,nan,22.024543190360987,14.999999999999998,7.500000000927976,21.206823875003465,12000,,nan,nan,,OK,
I131_Q1_MULTIPLE_POINTS_OUTDOOR_VORTEX,outdoor,vortex,VortexField,multiple_points,5 point sources,high,5,I-131,1.0,100.0,REFERENCE,"(60, 60, 30)",0.5,0.5,0.5,0.05,600.0,1198.1829587503632,1198.1829587503632,0.0,7497.750093249974,nan,nan,nan,15.000000000002931,15.000000000002354,7.500000111836399,21.224859611000284,12000,,nan,nan,,OK,
I131_Q1_PLANAR_INDOOR_CLOSED,indoor,closed,IndoorClosedRoom,planar,planar source (49 cells),high,49,I-131,1.0,100.0,REFERENCE,"(60, 60, 30)",0.5,0.5,0.5,0.05,600.0,414.38825346875535,414.38825346875535,0.0,7497.750093453576,nan,nan,nan,15.0,15.0,7.5000001119733755,62.606783668998105,12000,,nan,nan,,OK,
I131_Q1_PLANAR_INDOOR_LOW_VENTILATION,indoor,low_ventilation,IndoorLowVentilation,planar,planar source (49 cells),high,49,I-131,1.0,100.0,REFERENCE,"(60, 60, 30)",0.5,0.5,0.5,0.05,600.0,283.97933835170846,283.97933835170846,0.0,7490.238286391677,nan,nan,nan,14.999456254049687,14.99801020583804,8.227429967084765,62.24132364700199,12000,,nan,nan,,OK,
I131_Q1_PLANAR_INDOOR_NORMAL_VENTILATION,indoor,normal_ventilation,IndoorNormalVentilation,planar,planar source (49 cells),high,49,I-131,1.0,100.0,REFERENCE,"(60, 60, 30)",0.5,0.5,0.5,0.05,600.0,158.96665062945465,158.96665062945465,0.0,7355.75622869204,nan,nan,nan,14.997480522395179,14.995433537557286,9.25585650395708,62.44490172500082,12000,,nan,nan,,OK,
I131_Q1_PLANAR_INDOOR_HIGH_VENTILATION,indoor,high_ventilation,IndoorHighVentilation,planar,planar source (49 cells),high,49,I-131,1.0,100.0,REFERENCE,"(60, 60, 30)",0.5,0.5,0.5,0.05,600.0,10.181621187095374,10.181621187095374,0.0,938.3873985911308,nan,nan,nan,15.000000000000014,16.990109899676277,10.993404638424384,63.46659402500154,12000,,nan,nan,,OK,
I131_Q1_PLANAR_OUTDOOR_UNIFORM,outdoor,uniform,UniformField,planar,planar source (49 cells),high,49,I-131,1.0,100.0,REFERENCE,"(60, 60, 30)",0.5,0.5,0.5,0.05,600.0,108.98672595796002,108.98672595796002,0.0,3754.4064420353634,nan,nan,nan,22.205977928067014,14.999999999999998,7.500000000781578,20.68562221400134,12000,,nan,nan,,OK,
I131_Q1_PLANAR_OUTDOOR_SHEAR,outdoor,shear,ShearField,planar,planar source (49 cells),high,49,I-131,1.0,100.0,REFERENCE,"(60, 60, 30)",0.5,0.5,0.5,0.05,600.0,101.29513882132801,101.29513882132801,0.0,3419.066993563176,nan,nan,nan,22.20824831662972,14.999999999999998,7.4928111043122705,20.92647048299841,12000,,nan,nan,,OK,
I131_Q1_PLANAR_OUTDOOR_GUST,outdoor,gust,GustField,planar,planar source (49 cells),high,49,I-131,1.0,100.0,REFERENCE,"(60, 60, 30)",0.5,0.5,0.5,0.05,600.0,121.96099181074274,121.71143846936916,0.0,3850.3233360550153,nan,nan,nan,22.020991163163234,15.000000000000002,7.500000000941496,21.219297104998986,12000,,nan,nan,,OK,
I131_Q1_PLANAR_OUTDOOR_VORTEX,outdoor,vortex,VortexField,planar,planar source (49 cells),high,49,I-131,1.0,100.0,REFERENCE,"(60, 60, 30)",0.5,0.5,0.5,0.05,600.0,406.14963527790553,406.14963527790553,0.0,7497.750093253791,nan,nan,nan,15.000000000005342,15.00000000000447,7.500000111836399,20.90687129700018,12000,,nan,nan,,OK,
I131_Q1_VOLUMETRIC_INDOOR_CLOSED,indoor,closed,IndoorClosedRoom,volumetric,3-D volumetric source (75 cells),high,75,I-131,1.0,100.0,REFERENCE,"(60, 60, 30)",0.5,0.5,0.5,0.05,600.0,483.73961129683994,483.73961129683994,0.0,7497.750338848187,nan,nan,nan,15.000000000000004,15.000000000000004,7.500000271010818,62.1743648720003,12000,,nan,nan,,OK,
I131_Q1_VOLUMETRIC_INDOOR_LOW_VENTILATION,indoor,low_ventilation,IndoorLowVentilation,volumetric,3-D volumetric source (75 cells),high,75,I-131,1.0,100.0,REFERENCE,"(60, 60, 30)",0.5,0.5,0.5,0.05,600.0,396.6460112268654,396.6460112268654,0.0,7466.573801590661,nan,nan,nan,15.000055929319053,14.998774566284679,8.224010998275787,61.641422048000095,12000,,nan,nan,,OK,
I131_Q1_VOLUMETRIC_INDOOR_NORMAL_VENTILATION,indoor,normal_ventilation,IndoorNormalVentilation,volumetric,3-D volumetric source (75 cells),high,75,I-131,1.0,100.0,REFERENCE,"(60, 60, 30)",0.5,0.5,0.5,0.05,600.0,271.58795428882837,271.58795428882837,0.0,7277.706882755781,nan,nan,nan,14.99899027269164,14.997974005666219,9.24003922351653,62.05973937499948,12000,,nan,nan,,OK,
I131_Q1_VOLUMETRIC_INDOOR_HIGH_VENTILATION,indoor,high_ventilation,IndoorHighVentilation,volumetric,3-D volumetric source (75 cells),high,75,I-131,1.0,100.0,REFERENCE,"(60, 60, 30)",0.5,0.5,0.5,0.05,600.0,19.274317420187224,19.274317420187224,0.0,938.3876607717951,nan,nan,nan,15.000000000000007,16.995664602238307,10.982305614407,63.857989824999095,12000,,nan,nan,,OK,
I131_Q1_VOLUMETRIC_OUTDOOR_UNIFORM,outdoor,uniform,UniformField,volumetric,3-D volumetric source (75 cells),high,75,I-131,1.0,100.0,REFERENCE,"(60, 60, 30)",0.5,0.5,0.5,0.05,600.0,65.49522295494603,65.49522295494603,0.0,3754.4099498308974,nan,nan,nan,22.222626372940454,15.000000000000002,7.500000002343149,21.12544639800035,12000,,nan,nan,,OK,
I131_Q1_VOLUMETRIC_OUTDOOR_SHEAR,outdoor,shear,ShearField,volumetric,3-D volumetric source (75 cells),high,75,I-131,1.0,100.0,REFERENCE,"(60, 60, 30)",0.5,0.5,0.5,0.05,600.0,59.78682364165746,59.78682364165746,0.0,3420.15646903604,nan,nan,nan,22.224904995982385,14.999999999999998,7.488593475778581,20.98585918200115,12000,,nan,nan,,OK,
I131_Q1_VOLUMETRIC_OUTDOOR_GUST,outdoor,gust,GustField,volumetric,3-D volumetric source (75 cells),high,75,I-131,1.0,100.0,REFERENCE,"(60, 60, 30)",0.5,0.5,0.5,0.05,600.0,79.96733525859791,79.93818582082473,0.0,3850.780009038549,nan,nan,nan,22.038210144645433,15.0,7.50000000279793,21.283217885997146,12000,,nan,nan,,OK,
I131_Q1_VOLUMETRIC_OUTDOOR_VORTEX,outdoor,vortex,VortexField,volumetric,3-D volumetric source (75 cells),high,75,I-131,1.0,100.0,REFERENCE,"(60, 60, 30)",0.5,0.5,0.5,0.05,600.0,464.4769235584183,464.4769235584183,0.0,7497.750338360798,nan,nan,nan,15.00000000000073,15.000000000000588,7.5000002706969555,20.730880890001572,12000,,nan,nan,,OK,
I131_Q1.5_MULTIPLE_POINTS_INDOOR_CLOSED,indoor,closed,IndoorClosedRoom,multiple_points,5 point sources,high,5,I-131,1.5,150.0,UNCONTROLLED,"(60, 60, 30)",0.5,0.5,0.5,0.05,600.0,1831.7050920166048,1831.7050920166048,0.0,11246.625140181168,nan,nan,nan,15.000000000000004,15.0,7.500000111973377,61.87277071000062,12000,,nan,nan,,OK,
I131_Q1.5_MULTIPLE_POINTS_INDOOR_LOW_VENTILATION,indoor,low_ventilation,IndoorLowVentilation,multiple_points,5 point sources,high,5,I-131,1.5,150.0,UNCONTROLLED,"(60, 60, 30)",0.5,0.5,0.5,0.05,600.0,1412.4442763070515,1412.4442763070515,0.0,11207.07733371408,nan,nan,nan,14.99944520836319,15.008469985207496,8.226169090670833,61.53448489699804,12000,,nan,nan,,OK,
I131_Q1.5_MULTIPLE_POINTS_INDOOR_NORMAL_VENTILATION,indoor,normal_ventilation,IndoorNormalVentilation,multiple_points,5 point sources,high,5,I-131,1.5,150.0,UNCONTROLLED,"(60, 60, 30)",0.5,0.5,0.5,0.05,600.0,1018.3511757551212,1018.3511757551212,0.0,10948.471311082261,nan,nan,nan,14.997467284655853,15.021619796938651,9.251538922284634,62.03765084200131,12000,,nan,nan,,OK,
I131_Q1.5_MULTIPLE_POINTS_INDOOR_HIGH_VENTILATION,indoor,high_ventilation,IndoorHighVentilation,multiple_points,5 point sources,high,5,I-131,1.5,150.0,UNCONTROLLED,"(60, 60, 30)",0.5,0.5,0.5,0.05,600.0,98.75773508974726,98.75773508974726,0.0,1407.5811528742443,nan,nan,nan,15.000000000000007,16.990110406158752,10.993404753443114,63.21260130399969,12000,,nan,nan,,OK,
I131_Q1.5_MULTIPLE_POINTS_OUTDOOR_UNIFORM,outdoor,uniform,UniformField,multiple_points,5 point sources,high,5,I-131,1.5,150.0,UNCONTROLLED,"(60, 60, 30)",0.5,0.5,0.5,0.05,600.0,551.8382912119785,551.8382912119785,0.0,5631.610367931359,nan,nan,nan,22.20930722136882,14.999999999999998,7.5000000007700764,20.675647068001126,12000,,nan,nan,,OK,
I131_Q1.5_MULTIPLE_POINTS_OUTDOOR_SHEAR,outdoor,shear,ShearField,multiple_points,5 point sources,high,5,I-131,1.5,150.0,UNCONTROLLED,"(60, 60, 30)",0.5,0.5,0.5,0.05,600.0,519.8984226389164,519.8984226389164,0.0,5128.599605365252,nan,nan,nan,22.211577601818227,14.999999999999998,7.492814223121179,20.605434036999213,12000,,nan,nan,,OK,
I131_Q1.5_MULTIPLE_POINTS_OUTDOOR_GUST,outdoor,gust,GustField,multiple_points,5 point sources,high,5,I-131,1.5,150.0,UNCONTROLLED,"(60, 60, 30)",0.5,0.5,0.5,0.05,600.0,612.3578517027236,593.258089434453,0.0,5775.700832751528,nan,nan,nan,22.024543190360994,14.999999999999998,7.500000000927976,21.159215231000417,12000,,nan,nan,,OK,
I131_Q1.5_MULTIPLE_POINTS_OUTDOOR_VORTEX,outdoor,vortex,VortexField,multiple_points,5 point sources,high,5,I-131,1.5,150.0,UNCONTROLLED,"(60, 60, 30)",0.5,0.5,0.5,0.05,600.0,1797.2744381255445,1797.2744381255445,0.0,11246.625139874948,nan,nan,nan,15.000000000002931,15.000000000002357,7.5000001118364015,20.666241386003094,12000,,nan,nan,,OK,
I131_Q1.5_PLANAR_INDOOR_CLOSED,indoor,closed,IndoorClosedRoom,planar,planar source (49 cells),high,49,I-131,1.5,150.0,UNCONTROLLED,"(60, 60, 30)",0.5,0.5,0.5,0.05,600.0,621.5823802031922,621.5823802031922,0.0,11246.62514018178,nan,nan,nan,15.0,15.0,7.500000111973377,62.09576070299954,12000,,nan,nan,,OK,
I131_Q1.5_PLANAR_INDOOR_LOW_VENTILATION,indoor,low_ventilation,IndoorLowVentilation,planar,planar source (49 cells),high,49,I-131,1.5,150.0,UNCONTROLLED,"(60, 60, 30)",0.5,0.5,0.5,0.05,600.0,425.9690075276551,425.9690075276551,0.0,11235.357429587935,nan,nan,nan,14.999456254049687,14.998010205838042,8.227429967084731,61.73418352199951,12000,,nan,nan,,OK,
I131_Q1.5_PLANAR_INDOOR_NORMAL_VENTILATION,indoor,normal_ventilation,IndoorNormalVentilation,planar,planar source (49 cells),high,49,I-131,1.5,150.0,UNCONTROLLED,"(60, 60, 30)",0.5,0.5,0.5,0.05,600.0,238.4499759441605,238.4499759441605,0.0,11033.634343037116,nan,nan,nan,14.997480522395174,14.995433537557284,9.255856503957089,61.843582550001884,12000,,nan,nan,,OK,
I131_Q1.5_PLANAR_INDOOR_HIGH_VENTILATION,indoor,high_ventilation,IndoorHighVentilation,planar,planar source (49 cells),high,49,I-131,1.5,150.0,UNCONTROLLED,"(60, 60, 30)",0.5,0.5,0.5,0.05,600.0,15.272431780643215,15.272431780643215,0.0,1407.5810978867114,nan,nan,nan,15.00000000000001,16.990109899676273,10.99340463842438,63.45218911900156,12000,,nan,nan,,OK,
I131_Q1.5_PLANAR_OUTDOOR_UNIFORM,outdoor,uniform,UniformField,planar,planar source (49 cells),high,49,I-131,1.5,150.0,UNCONTROLLED,"(60, 60, 30)",0.5,0.5,0.5,0.05,600.0,163.48008893692298,163.48008893692298,0.0,5631.609663052726,nan,nan,nan,22.20597792806701,15.000000000000002,7.500000000781578,20.778388124999765,12000,,nan,nan,,OK,
I131_Q1.5_PLANAR_OUTDOOR_SHEAR,outdoor,shear,ShearField,planar,planar source (49 cells),high,49,I-131,1.5,150.0,UNCONTROLLED,"(60, 60, 30)",0.5,0.5,0.5,0.05,600.0,151.94270823199196,151.94270823199196,0.0,5128.600490344475,nan,nan,nan,22.208248316629685,15.000000000000004,7.492811104312272,20.785758386999078,12000,,nan,nan,,OK,
I131_Q1.5_PLANAR_OUTDOOR_GUST,outdoor,gust,GustField,planar,planar source (49 cells),high,49,I-131,1.5,150.0,UNCONTROLLED,"(60, 60, 30)",0.5,0.5,0.5,0.05,600.0,182.94148771610284,182.56715770404247,0.0,5775.485004082222,nan,nan,nan,22.020991163163213,14.999999999999998,7.500000000941494,21.215240149998863,12000,,nan,nan,,OK,
I131_Q1.5_PLANAR_OUTDOOR_VORTEX,outdoor,vortex,VortexField,planar,planar source (49 cells),high,49,I-131,1.5,150.0,UNCONTROLLED,"(60, 60, 30)",0.5,0.5,0.5,0.05,600.0,609.2244529169218,609.2244529169218,0.0,11246.62513988198,nan,nan,nan,15.000000000005336,15.000000000004468,7.500000111836398,20.805409199001588,12000,,nan,nan,,OK,
I131_Q1.5_VOLUMETRIC_INDOOR_CLOSED,indoor,closed,IndoorClosedRoom,volumetric,3-D volumetric source (75 cells),high,75,I-131,1.5,150.0,UNCONTROLLED,"(60, 60, 30)",0.5,0.5,0.5,0.05,600.0,725.6094169454275,725.6094169454275,0.0,11246.625508274365,nan,nan,nan,14.999999999999998,14.999999999999998,7.500000271010814,62.21594033200017,12000,,nan,nan,,OK,
I131_Q1.5_VOLUMETRIC_INDOOR_LOW_VENTILATION,indoor,low_ventilation,IndoorLowVentilation,volumetric,3-D volumetric source (75 cells),high,75,I-131,1.5,150.0,UNCONTROLLED,"(60, 60, 30)",0.5,0.5,0.5,0.05,600.0,594.969016840427,594.969016840427,0.0,11199.86070238768,nan,nan,nan,15.000055929319055,14.99877456628468,8.224010998275757,62.11098876699907,12000,,nan,nan,,OK,
I131_Q1.5_VOLUMETRIC_INDOOR_NORMAL_VENTILATION,indoor,normal_ventilation,IndoorNormalVentilation,volumetric,3-D volumetric source (75 cells),high,75,I-131,1.5,150.0,UNCONTROLLED,"(60, 60, 30)",0.5,0.5,0.5,0.05,600.0,407.3819314333089,407.3819314333089,0.0,10916.560324134385,nan,nan,nan,14.998990272691643,14.997974005666222,9.240039223516503,62.01335160099916,12000,,nan,nan,,OK,
I131_Q1.5_VOLUMETRIC_INDOOR_HIGH_VENTILATION,indoor,high_ventilation,IndoorHighVentilation,volumetric,3-D volumetric source (75 cells),high,75,I-131,1.5,150.0,UNCONTROLLED,"(60, 60, 30)",0.5,0.5,0.5,0.05,600.0,28.911476130281052,28.911476130281052,0.0,1407.581491157703,nan,nan,nan,15.000000000000012,16.99566460223831,10.982305614407007,63.736352494997845,12000,,nan,nan,,OK,
I131_Q1.5_VOLUMETRIC_OUTDOOR_UNIFORM,outdoor,uniform,UniformField,volumetric,3-D volumetric source (75 cells),high,75,I-131,1.5,150.0,UNCONTROLLED,"(60, 60, 30)",0.5,0.5,0.5,0.05,600.0,98.24283443241582,98.24283443241582,0.0,5631.614924746028,nan,nan,nan,22.222626372940454,15.0,7.500000002343146,20.7800441770014,12000,,nan,nan,,OK,
I131_Q1.5_VOLUMETRIC_OUTDOOR_SHEAR,outdoor,shear,ShearField,volumetric,3-D volumetric source (75 cells),high,75,I-131,1.5,150.0,UNCONTROLLED,"(60, 60, 30)",0.5,0.5,0.5,0.05,600.0,89.68023546248108,89.68023546248108,0.0,5130.234703553836,nan,nan,nan,22.224904995982385,15.0,7.488593475778576,20.684116312000697,12000,,nan,nan,,OK,
I131_Q1.5_VOLUMETRIC_OUTDOOR_GUST,outdoor,gust,GustField,volumetric,3-D volumetric source (75 cells),high,75,I-131,1.5,150.0,UNCONTROLLED,"(60, 60, 30)",0.5,0.5,0.5,0.05,600.0,119.95100288789351,119.90727873123359,0.0,5776.170013557628,nan,nan,nan,22.038210144645422,14.999999999999998,7.500000002797928,21.31783288999941,12000,,nan,nan,,OK,
I131_Q1.5_VOLUMETRIC_OUTDOOR_VORTEX,outdoor,vortex,VortexField,volumetric,3-D volumetric source (75 cells),high,75,I-131,1.5,150.0,UNCONTROLLED,"(60, 60, 30)",0.5,0.5,0.5,0.05,600.0,696.7153853377862,696.7153853377862,0.0,11246.625507543162,nan,nan,nan,15.000000000000735,15.000000000000592,7.500000270696957,20.94911744899946,12000,,nan,nan,,OK,
I131_Q2_MULTIPLE_POINTS_INDOOR_CLOSED,indoor,closed,IndoorClosedRoom,multiple_points,5 point sources,high,5,I-131,2.0,200.0,UNCONTROLLED,"(60, 60, 30)",0.5,0.5,0.5,0.05,600.0,2442.2734560221415,2442.2734560221415,0.0,14995.500186908244,nan,nan,nan,14.999999999999996,14.999999999999995,7.500000111973375,61.988318788997276,12000,,nan,nan,,OK,
I131_Q2_MULTIPLE_POINTS_INDOOR_LOW_VENTILATION,indoor,low_ventilation,IndoorLowVentilation,multiple_points,5 point sources,high,5,I-131,2.0,200.0,UNCONTROLLED,"(60, 60, 30)",0.5,0.5,0.5,0.05,600.0,1883.2590350760613,1883.2590350760613,0.0,14942.76977828543,nan,nan,nan,14.999445208363188,15.00846998520749,8.226169090670835,61.56043646299804,12000,,nan,nan,,OK,
I131_Q2_MULTIPLE_POINTS_INDOOR_NORMAL_VENTILATION,indoor,normal_ventilation,IndoorNormalVentilation,multiple_points,5 point sources,high,5,I-131,2.0,200.0,UNCONTROLLED,"(60, 60, 30)",0.5,0.5,0.5,0.05,600.0,1357.8015676734944,1357.8015676734944,0.0,14597.961748109687,nan,nan,nan,14.997467284655848,15.021619796938648,9.251538922284633,62.02218456300034,12000,,nan,nan,,OK,
I131_Q2_MULTIPLE_POINTS_INDOOR_HIGH_VENTILATION,indoor,high_ventilation,IndoorHighVentilation,multiple_points,5 point sources,high,5,I-131,2.0,200.0,UNCONTROLLED,"(60, 60, 30)",0.5,0.5,0.5,0.05,600.0,131.67698011966286,131.67698011966286,0.0,1876.7748704989938,nan,nan,nan,15.000000000000004,16.99011040615875,10.993404753443114,63.23708006000015,12000,,nan,nan,,OK,
I131_Q2_MULTIPLE_POINTS_OUTDOOR_UNIFORM,outdoor,uniform,UniformField,multiple_points,5 point sources,high,5,I-131,2.0,200.0,UNCONTROLLED,"(60, 60, 30)",0.5,0.5,0.5,0.05,600.0,735.7843882826234,735.7843882826234,0.0,7508.813823908294,nan,nan,nan,22.20930722136884,15.0,7.500000000770078,20.627208293997683,12000,,nan,nan,,OK,
I131_Q2_MULTIPLE_POINTS_OUTDOOR_SHEAR,outdoor,shear,ShearField,multiple_points,5 point sources,high,5,I-131,2.0,200.0,UNCONTROLLED,"(60, 60, 30)",0.5,0.5,0.5,0.05,600.0,693.1978968519113,693.1978968519113,0.0,6838.1328071538255,nan,nan,nan,22.211577601818252,15.000000000000002,7.492814223121179,20.48809561499729,12000,,nan,nan,,OK,
I131_Q2_MULTIPLE_POINTS_OUTDOOR_GUST,outdoor,gust,GustField,multiple_points,5 point sources,high,5,I-131,2.0,200.0,UNCONTROLLED,"(60, 60, 30)",0.5,0.5,0.5,0.05,600.0,816.4771356036306,791.0107859126053,0.0,7700.934443668702,nan,nan,nan,22.024543190360987,14.999999999999998,7.500000000927976,20.995260296000197,12000,,nan,nan,,OK,
I131_Q2_MULTIPLE_POINTS_OUTDOOR_VORTEX,outdoor,vortex,VortexField,multiple_points,5 point sources,high,5,I-131,2.0,200.0,UNCONTROLLED,"(60, 60, 30)",0.5,0.5,0.5,0.05,600.0,2396.3659175007265,2396.3659175007265,0.0,14995.500186499949,nan,nan,nan,15.000000000002931,15.000000000002354,7.500000111836399,20.551202547001594,12000,,nan,nan,,OK,
I131_Q2_PLANAR_INDOOR_CLOSED,indoor,closed,IndoorClosedRoom,planar,planar source (49 cells),high,49,I-131,2.0,200.0,UNCONTROLLED,"(60, 60, 30)",0.5,0.5,0.5,0.05,600.0,828.7765069375107,828.7765069375107,0.0,14995.500186907151,nan,nan,nan,15.0,15.0,7.5000001119733755,61.916044900997804,12000,,nan,nan,,OK,
I131_Q2_PLANAR_INDOOR_LOW_VENTILATION,indoor,low_ventilation,IndoorLowVentilation,planar,planar source (49 cells),high,49,I-131,2.0,200.0,UNCONTROLLED,"(60, 60, 30)",0.5,0.5,0.5,0.05,600.0,567.9586767034169,567.9586767034169,0.0,14980.476572783355,nan,nan,nan,14.999456254049687,14.99801020583804,8.227429967084765,61.35888128199804,12000,,nan,nan,,OK,
I131_Q2_PLANAR_INDOOR_NORMAL_VENTILATION,indoor,normal_ventilation,IndoorNormalVentilation,planar,planar source (49 cells),high,49,I-131,2.0,200.0,UNCONTROLLED,"(60, 60, 30)",0.5,0.5,0.5,0.05,600.0,317.9333012589093,317.9333012589093,0.0,14711.51245738408,nan,nan,nan,14.997480522395179,14.995433537557286,9.25585650395708,61.82774207300099,12000,,nan,nan,,OK,
I131_Q2_PLANAR_INDOOR_HIGH_VENTILATION,indoor,high_ventilation,IndoorHighVentilation,planar,planar source (49 cells),high,49,I-131,2.0,200.0,UNCONTROLLED,"(60, 60, 30)",0.5,0.5,0.5,0.05,600.0,20.363242374190747,20.363242374190747,0.0,1876.7747971822616,nan,nan,nan,15.000000000000014,16.990109899676277,10.993404638424384,62.94805272299709,12000,,nan,nan,,OK,
I131_Q2_PLANAR_OUTDOOR_UNIFORM,outdoor,uniform,UniformField,planar,planar source (49 cells),high,49,I-131,2.0,200.0,UNCONTROLLED,"(60, 60, 30)",0.5,0.5,0.5,0.05,600.0,217.97345191592004,217.97345191592004,0.0,7508.812884070727,nan,nan,nan,22.205977928067014,14.999999999999998,7.500000000781578,20.58987789099774,12000,,nan,nan,,OK,
I131_Q2_PLANAR_OUTDOOR_SHEAR,outdoor,shear,ShearField,planar,planar source (49 cells),high,49,I-131,2.0,200.0,UNCONTROLLED,"(60, 60, 30)",0.5,0.5,0.5,0.05,600.0,202.59027764265602,202.59027764265602,0.0,6838.133987126352,nan,nan,nan,22.20824831662972,14.999999999999998,7.4928111043122705,20.711901090999163,12000,,nan,nan,,OK,
I131_Q2_PLANAR_OUTDOOR_GUST,outdoor,gust,GustField,planar,planar source (49 cells),high,49,I-131,2.0,200.0,UNCONTROLLED,"(60, 60, 30)",0.5,0.5,0.5,0.05,600.0,243.92198362148548,243.4228769387383,0.0,7700.6466721100305,nan,nan,nan,22.020991163163234,15.000000000000002,7.500000000941496,21.163290970998787,12000,,nan,nan,,OK,
I131_Q2_PLANAR_OUTDOOR_VORTEX,outdoor,vortex,VortexField,planar,planar source (49 cells),high,49,I-131,2.0,200.0,UNCONTROLLED,"(60, 60, 30)",0.5,0.5,0.5,0.05,600.0,812.2992705558111,812.2992705558111,0.0,14995.500186507583,nan,nan,nan,15.000000000005342,15.00000000000447,7.500000111836399,20.717607135000435,12000,,nan,nan,,OK,
I131_Q2_VOLUMETRIC_INDOOR_CLOSED,indoor,closed,IndoorClosedRoom,volumetric,3-D volumetric source (75 cells),high,75,I-131,2.0,200.0,UNCONTROLLED,"(60, 60, 30)",0.5,0.5,0.5,0.05,600.0,967.4792225936799,967.4792225936799,0.0,14995.500677696375,nan,nan,nan,15.000000000000004,15.000000000000004,7.500000271010818,61.885942503999104,12000,,nan,nan,,OK,
I131_Q2_VOLUMETRIC_INDOOR_LOW_VENTILATION,indoor,low_ventilation,IndoorLowVentilation,volumetric,3-D volumetric source (75 cells),high,75,I-131,2.0,200.0,UNCONTROLLED,"(60, 60, 30)",0.5,0.5,0.5,0.05,600.0,793.2920224537309,793.2920224537309,0.0,14933.147603181322,nan,nan,nan,15.000055929319053,14.998774566284679,8.224010998275787,61.60036630999821,12000,,nan,nan,,OK,
I131_Q2_VOLUMETRIC_INDOOR_NORMAL_VENTILATION,indoor,normal_ventilation,IndoorNormalVentilation,volumetric,3-D volumetric source (75 cells),high,75,I-131,2.0,200.0,UNCONTROLLED,"(60, 60, 30)",0.5,0.5,0.5,0.05,600.0,543.1759085776567,543.1759085776567,0.0,14555.413765511563,nan,nan,nan,14.99899027269164,14.997974005666219,9.24003922351653,61.86249727700124,12000,,nan,nan,,OK,
I131_Q2_VOLUMETRIC_INDOOR_HIGH_VENTILATION,indoor,high_ventilation,IndoorHighVentilation,volumetric,3-D volumetric source (75 cells),high,75,I-131,2.0,200.0,UNCONTROLLED,"(60, 60, 30)",0.5,0.5,0.5,0.05,600.0,38.54863484037445,38.54863484037445,0.0,1876.7753215435903,nan,nan,nan,15.000000000000007,16.995664602238307,10.982305614407,63.45731785499811,12000,,nan,nan,,OK,
I131_Q2_VOLUMETRIC_OUTDOOR_UNIFORM,outdoor,uniform,UniformField,volumetric,3-D volumetric source (75 cells),high,75,I-131,2.0,200.0,UNCONTROLLED,"(60, 60, 30)",0.5,0.5,0.5,0.05,600.0,130.99044590989206,130.99044590989206,0.0,7508.819899661795,nan,nan,nan,22.222626372940454,15.000000000000002,7.500000002343149,20.597071563002828,12000,,nan,nan,,OK,
I131_Q2_VOLUMETRIC_OUTDOOR_SHEAR,outdoor,shear,ShearField,volumetric,3-D volumetric source (75 cells),high,75,I-131,2.0,200.0,UNCONTROLLED,"(60, 60, 30)",0.5,0.5,0.5,0.05,600.0,119.57364728331493,119.57364728331493,0.0,6840.31293807208,nan,nan,nan,22.224904995982385,14.999999999999998,7.488593475778581,20.714039984999545,12000,,nan,nan,,OK,
I131_Q2_VOLUMETRIC_OUTDOOR_GUST,outdoor,gust,GustField,volumetric,3-D volumetric source (75 cells),high,75,I-131,2.0,200.0,UNCONTROLLED,"(60, 60, 30)",0.5,0.5,0.5,0.05,600.0,159.93467051719583,159.87637164164946,0.0,7701.560018077098,nan,nan,nan,22.038210144645433,15.0,7.50000000279793,21.245678213002975,12000,,nan,nan,,OK,
I131_Q2_VOLUMETRIC_OUTDOOR_VORTEX,outdoor,vortex,VortexField,volumetric,3-D volumetric source (75 cells),high,75,I-131,2.0,200.0,UNCONTROLLED,"(60, 60, 30)",0.5,0.5,0.5,0.05,600.0,928.9538471168366,928.9538471168366,0.0,14995.500676721596,nan,nan,nan,15.00000000000073,15.000000000000588,7.5000002706969555,20.80906558499919,12000,,nan,nan,,OK,
I131_Q5_MULTIPLE_POINTS_INDOOR_CLOSED,indoor,closed,IndoorClosedRoom,multiple_points,5 point sources,high,5,I-131,5.0,500.0,UNCONTROLLED,"(60, 60, 30)",0.5,0.5,0.5,0.05,600.0,6105.683640055339,6105.683640055339,0.0,37488.75046727054,nan,nan,nan,15.000000000000002,15.000000000000002,7.500000111973379,62.13367161000133,12000,,nan,nan,,OK,
I131_Q5_MULTIPLE_POINTS_INDOOR_LOW_VENTILATION,indoor,low_ventilation,IndoorLowVentilation,multiple_points,5 point sources,high,5,I-131,5.0,500.0,UNCONTROLLED,"(60, 60, 30)",0.5,0.5,0.5,0.05,600.0,4708.14758769016,4708.14758769016,0.0,37356.92444571362,nan,nan,nan,14.999445208363191,15.008469985207492,8.226169090670835,61.43092196499856,12000,,nan,nan,,OK,
I131_Q5_MULTIPLE_POINTS_INDOOR_NORMAL_VENTILATION,indoor,normal_ventilation,IndoorNormalVentilation,multiple_points,5 point sources,high,5,I-131,5.0,500.0,UNCONTROLLED,"(60, 60, 30)",0.5,0.5,0.5,0.05,600.0,3394.503919183732,3394.503919183732,0.0,36494.90437027419,nan,nan,nan,14.997467284655848,15.02161979693865,9.251538922284633,61.578082861997245,12000,,nan,nan,,OK,
I131_Q5_MULTIPLE_POINTS_INDOOR_HIGH_VENTILATION,indoor,high_ventilation,IndoorHighVentilation,multiple_points,5 point sources,high,5,I-131,5.0,500.0,UNCONTROLLED,"(60, 60, 30)",0.5,0.5,0.5,0.05,600.0,329.1924502991565,329.1924502991565,0.0,4691.937176247477,nan,nan,nan,15.000000000000005,16.990110406158752,10.993404753443112,63.17526065199854,12000,,nan,nan,,OK,
I131_Q5_MULTIPLE_POINTS_OUTDOOR_UNIFORM,outdoor,uniform,UniformField,multiple_points,5 point sources,high,5,I-131,5.0,500.0,UNCONTROLLED,"(60, 60, 30)",0.5,0.5,0.5,0.05,600.0,1839.4609707065647,1839.4609707065647,0.0,18772.034559770877,nan,nan,nan,22.209307221368835,15.000000000000002,7.500000000770079,20.466548772998067,12000,,nan,nan,,OK,
I131_Q5_MULTIPLE_POINTS_OUTDOOR_SHEAR,outdoor,shear,ShearField,multiple_points,5 point sources,high,5,I-131,5.0,500.0,UNCONTROLLED,"(60, 60, 30)",0.5,0.5,0.5,0.05,600.0,1732.9947421297977,1732.9947421297977,0.0,17095.332017884724,nan,nan,nan,22.211577601818234,14.999999999999998,7.49281422312118,20.747355752002477,12000,,nan,nan,,OK,
I131_Q5_MULTIPLE_POINTS_OUTDOOR_GUST,outdoor,gust,GustField,multiple_points,5 point sources,high,5,I-131,5.0,500.0,UNCONTROLLED,"(60, 60, 30)",0.5,0.5,0.5,0.05,600.0,2041.192839009081,1977.5269647815112,0.0,19252.33610917176,nan,nan,nan,22.024543190360994,15.000000000000002,7.500000000927977,21.296448861998215,12000,,nan,nan,,OK,
I131_Q5_MULTIPLE_POINTS_OUTDOOR_VORTEX,outdoor,vortex,VortexField,multiple_points,5 point sources,high,5,I-131,5.0,500.0,UNCONTROLLED,"(60, 60, 30)",0.5,0.5,0.5,0.05,600.0,5990.914793751812,5990.914793751812,0.0,37488.75046624987,nan,nan,nan,15.000000000002927,15.000000000002357,7.500000111836398,20.649872011999832,12000,,nan,nan,,OK,
I131_Q5_PLANAR_INDOOR_CLOSED,indoor,closed,IndoorClosedRoom,planar,planar source (49 cells),high,49,I-131,5.0,500.0,UNCONTROLLED,"(60, 60, 30)",0.5,0.5,0.5,0.05,600.0,2071.9412673444795,2071.9412673444795,0.0,37488.75046727565,nan,nan,nan,15.0,14.999999999999998,7.5000001119733755,62.013497612999345,12000,,nan,nan,,OK,
I131_Q5_PLANAR_INDOOR_LOW_VENTILATION,indoor,low_ventilation,IndoorLowVentilation,planar,planar source (49 cells),high,49,I-131,5.0,500.0,UNCONTROLLED,"(60, 60, 30)",0.5,0.5,0.5,0.05,600.0,1419.896691758921,1419.896691758921,0.0,37451.191431959836,nan,nan,nan,14.999456254049685,14.998010205838037,8.227429967084731,61.522392216997105,12000,,nan,nan,,OK,
I131_Q5_PLANAR_INDOOR_NORMAL_VENTILATION,indoor,normal_ventilation,IndoorNormalVentilation,planar,planar source (49 cells),high,49,I-131,5.0,500.0,UNCONTROLLED,"(60, 60, 30)",0.5,0.5,0.5,0.05,600.0,794.8332531472311,794.8332531472311,0.0,36778.78114345835,nan,nan,nan,14.997480522395174,14.995433537557282,9.255856503957082,61.979814059999626,12000,,nan,nan,,OK,
I131_Q5_PLANAR_INDOOR_HIGH_VENTILATION,indoor,high_ventilation,IndoorHighVentilation,planar,planar source (49 cells),high,49,I-131,5.0,500.0,UNCONTROLLED,"(60, 60, 30)",0.5,0.5,0.5,0.05,600.0,50.908105935476456,50.908105935476456,0.0,4691.936992955647,nan,nan,nan,15.00000000000001,16.990109899676277,10.993404638424382,63.25267539000197,12000,,nan,nan,,OK,
I131_Q5_PLANAR_OUTDOOR_UNIFORM,outdoor,uniform,UniformField,planar,planar source (49 cells),high,49,I-131,5.0,500.0,UNCONTROLLED,"(60, 60, 30)",0.5,0.5,0.5,0.05,600.0,544.9336297897639,544.9336297897639,0.0,18772.032210176145,nan,nan,nan,22.205977928067,15.000000000000002,7.500000000781578,20.528232788001333,12000,,nan,nan,,OK,
I131_Q5_PLANAR_OUTDOOR_SHEAR,outdoor,shear,ShearField,planar,planar source (49 cells),high,49,I-131,5.0,500.0,UNCONTROLLED,"(60, 60, 30)",0.5,0.5,0.5,0.05,600.0,506.4756941066473,506.4756941066473,0.0,17095.334967815415,nan,nan,nan,22.2082483166297,14.999999999999998,7.492811104312271,20.69223515199701,12000,,nan,nan,,OK,
I131_Q5_PLANAR_OUTDOOR_GUST,outdoor,gust,GustField,planar,planar source (49 cells),high,49,I-131,5.0,500.0,UNCONTROLLED,"(60, 60, 30)",0.5,0.5,0.5,0.05,600.0,609.8049590536933,608.5571923468256,0.0,19251.61668027453,nan,nan,nan,22.020991163163224,15.000000000000002,7.500000000941498,21.28106919399943,12000,,nan,nan,,OK,
I131_Q5_PLANAR_OUTDOOR_VORTEX,outdoor,vortex,VortexField,planar,planar source (49 cells),high,49,I-131,5.0,500.0,UNCONTROLLED,"(60, 60, 30)",0.5,0.5,0.5,0.05,600.0,2030.7481763902128,2030.7481763902128,0.0,37488.75046627568,nan,nan,nan,15.00000000000534,15.000000000004468,7.500000111836398,20.78207096100232,12000,,nan,nan,,OK,
I131_Q5_VOLUMETRIC_INDOOR_CLOSED,indoor,closed,IndoorClosedRoom,volumetric,3-D volumetric source (75 cells),high,75,I-131,5.0,500.0,UNCONTROLLED,"(60, 60, 30)",0.5,0.5,0.5,0.05,600.0,2418.6980564842906,2418.6980564842906,0.0,37488.75169423958,nan,nan,nan,15.0,15.0,7.500000271010814,62.503408317999856,12000,,nan,nan,,OK,
I131_Q5_VOLUMETRIC_INDOOR_LOW_VENTILATION,indoor,low_ventilation,IndoorLowVentilation,volumetric,3-D volumetric source (75 cells),high,75,I-131,5.0,500.0,UNCONTROLLED,"(60, 60, 30)",0.5,0.5,0.5,0.05,600.0,1983.2300561341788,1983.2300561341788,0.0,37332.86900795347,nan,nan,nan,15.000055929319053,14.998774566284679,8.224010998275787,61.851607444001274,12000,,nan,nan,,OK,
I131_Q5_VOLUMETRIC_INDOOR_NORMAL_VENTILATION,indoor,normal_ventilation,IndoorNormalVentilation,volumetric,3-D volumetric source (75 cells),high,75,I-131,5.0,500.0,UNCONTROLLED,"(60, 60, 30)",0.5,0.5,0.5,0.05,600.0,1357.9397714441543,1357.9397714441543,0.0,36388.53441378148,nan,nan,nan,14.99899027269164,14.99797400566622,9.240039223516517,62.27067671399709,12000,,nan,nan,,OK,
I131_Q5_VOLUMETRIC_INDOOR_HIGH_VENTILATION,indoor,high_ventilation,IndoorHighVentilation,volumetric,3-D volumetric source (75 cells),high,75,I-131,5.0,500.0,UNCONTROLLED,"(60, 60, 30)",0.5,0.5,0.5,0.05,600.0,96.371587100935,96.371587100935,0.0,4691.938303858961,nan,nan,nan,15.000000000000007,16.995664602238296,10.982305614406998,63.39545941399774,12000,,nan,nan,,OK,
I131_Q5_VOLUMETRIC_OUTDOOR_UNIFORM,outdoor,uniform,UniformField,volumetric,3-D volumetric source (75 cells),high,75,I-131,5.0,500.0,UNCONTROLLED,"(60, 60, 30)",0.5,0.5,0.5,0.05,600.0,327.47611477472395,327.47611477472395,0.0,18772.0497491538,nan,nan,nan,22.222626372940457,14.999999999999998,7.500000002343147,20.61988849699992,12000,,nan,nan,,OK,
I131_Q5_VOLUMETRIC_OUTDOOR_SHEAR,outdoor,shear,ShearField,volumetric,3-D volumetric source (75 cells),high,75,I-131,5.0,500.0,UNCONTROLLED,"(60, 60, 30)",0.5,0.5,0.5,0.05,600.0,298.93411820827674,298.93411820827674,0.0,17100.782345179545,nan,nan,nan,22.224904995982374,15.0,7.488593475778574,20.851370537002367,12000,,nan,nan,,OK,
I131_Q5_VOLUMETRIC_OUTDOOR_GUST,outdoor,gust,GustField,volumetric,3-D volumetric source (75 cells),high,75,I-131,5.0,500.0,UNCONTROLLED,"(60, 60, 30)",0.5,0.5,0.5,0.05,600.0,399.83667629298213,399.6909291041161,0.0,19253.900045192302,nan,nan,nan,22.03821014464543,14.999999999999998,7.500000002797928,21.244823657998495,12000,,nan,nan,,OK,
I131_Q5_VOLUMETRIC_OUTDOOR_VORTEX,outdoor,vortex,VortexField,volumetric,3-D volumetric source (75 cells),high,75,I-131,5.0,500.0,UNCONTROLLED,"(60, 60, 30)",0.5,0.5,0.5,0.05,600.0,2322.384617792138,2322.384617792138,0.0,37488.75169180288,nan,nan,nan,15.000000000000735,15.000000000000593,7.500000270696957,20.95524771500277,12000,,nan,nan,,OK,
F18_Q0.25_MULTIPLE_POINTS_INDOOR_CLOSED,indoor,closed,IndoorClosedRoom,multiple_points,5 point sources,high,5,F-18,0.25,25.0,CONTROLLED,"(60, 60, 30)",0.5,0.5,0.5,0.05,600.0,301.8946214372827,301.8946214372827,0.0,1817.032467770459,nan,nan,nan,15.0,14.999999999999996,7.500000109107431,62.17716774600194,12000,,nan,nan,,OK,
F18_Q0.25_MULTIPLE_POINTS_INDOOR_LOW_VENTILATION,indoor,low_ventilation,IndoorLowVentilation,multiple_points,5 point sources,high,5,F-18,0.25,25.0,CONTROLLED,"(60, 60, 30)",0.5,0.5,0.5,0.05,600.0,233.34102577192357,233.34102577192357,0.0,1810.7121647848771,nan,nan,nan,14.999450659200898,15.008465411258173,8.218624739770512,61.588059900997905,12000,,nan,nan,,OK,
F18_Q0.25_MULTIPLE_POINTS_INDOOR_NORMAL_VENTILATION,indoor,normal_ventilation,IndoorNormalVentilation,multiple_points,5 point sources,high,5,F-18,0.25,25.0,CONTROLLED,"(60, 60, 30)",0.5,0.5,0.5,0.05,600.0,168.84786155006492,168.84786155006492,0.0,1769.6005836004726,nan,nan,nan,14.997499035775595,15.02159696411221,9.23363973372795,61.820552257999225,12000,,nan,nan,,OK,
F18_Q0.25_MULTIPLE_POINTS_INDOOR_HIGH_VENTILATION,indoor,high_ventilation,IndoorHighVentilation,multiple_points,5 point sources,high,5,F-18,0.25,25.0,CONTROLLED,"(60, 60, 30)",0.5,0.5,0.5,0.05,600.0,16.45333956906457,16.45333956906457,0.0,233.62633972995482,nan,nan,nan,15.000000000000002,16.986708027342015,10.988659481395977,63.36851330099671,12000,,nan,nan,,OK,
F18_Q0.25_MULTIPLE_POINTS_OUTDOOR_UNIFORM,outdoor,uniform,UniformField,multiple_points,5 point sources,high,5,F-18,0.25,25.0,CONTROLLED,"(60, 60, 30)",0.5,0.5,0.5,0.05,600.0,91.693355846405,91.693355846405,0.0,923.5228467646974,nan,nan,nan,22.17046141607281,15.0,7.500000000751155,20.59996758000125,12000,,nan,nan,,OK,
F18_Q0.25_MULTIPLE_POINTS_OUTDOOR_SHEAR,outdoor,shear,ShearField,multiple_points,5 point sources,high,5,F-18,0.25,25.0,CONTROLLED,"(60, 60, 30)",0.5,0.5,0.5,0.05,600.0,86.40420462943548,86.40420462943548,0.0,842.2493404231354,nan,nan,nan,22.17619251814455,15.0,7.4929281553821765,20.705202804998407,12000,,nan,nan,,OK,
F18_Q0.25_MULTIPLE_POINTS_OUTDOOR_GUST,outdoor,gust,GustField,multiple_points,5 point sources,high,5,F-18,0.25,25.0,CONTROLLED,"(60, 60, 30)",0.5,0.5,0.5,0.05,600.0,101.75191908914763,98.55553358460843,0.0,946.7795358427172,nan,nan,nan,21.983682439422587,15.000000000000002,7.500000000905059,21.23295559699909,12000,,nan,nan,,OK,
F18_Q0.25_MULTIPLE_POINTS_OUTDOOR_VORTEX,outdoor,vortex,VortexField,multiple_points,5 point sources,high,5,F-18,0.25,25.0,CONTROLLED,"(60, 60, 30)",0.5,0.5,0.5,0.05,600.0,296.3353569874826,296.3353569874826,0.0,1817.0324677225185,nan,nan,nan,15.000000000002846,15.000000000002288,7.500000108974684,20.87557549199846,12000,,nan,nan,,OK,
F18_Q0.25_PLANAR_INDOOR_CLOSED,indoor,closed,IndoorClosedRoom,planar,planar source (49 cells),high,49,F-18,0.25,25.0,CONTROLLED,"(60, 60, 30)",0.5,0.5,0.5,0.05,600.0,101.37472724313322,101.37472724313322,0.0,1817.0324677703318,nan,nan,nan,15.000000000000002,14.999999999999998,7.50000010910743,62.4367219520027,12000,,nan,nan,,OK,
F18_Q0.25_PLANAR_INDOOR_LOW_VENTILATION,indoor,low_ventilation,IndoorLowVentilation,planar,planar source (49 cells),high,49,F-18,0.25,25.0,CONTROLLED,"(60, 60, 30)",0.5,0.5,0.5,0.05,600.0,69.71071318819523,69.71071318819523,0.0,1815.268030608789,nan,nan,nan,14.999461901723187,14.998024659686857,8.219882365812534,61.7932167580002,12000,,nan,nan,,OK,
F18_Q0.25_PLANAR_INDOOR_NORMAL_VENTILATION,indoor,normal_ventilation,IndoorNormalVentilation,planar,planar source (49 cells),high,49,F-18,0.25,25.0,CONTROLLED,"(60, 60, 30)",0.5,0.5,0.5,0.05,600.0,39.29347070615481,39.29347070615481,0.0,1783.3257984250536,nan,nan,nan,14.997512495336162,14.995462477957885,9.237964644707795,62.11075693500243,12000,,nan,nan,,OK,
F18_Q0.25_PLANAR_INDOOR_HIGH_VENTILATION,indoor,high_ventilation,IndoorHighVentilation,planar,planar source (49 cells),high,49,F-18,0.25,25.0,CONTROLLED,"(60, 60, 30)",0.5,0.5,0.5,0.05,600.0,2.5440387896935506,2.5440387896935506,0.0,233.62633070863757,nan,nan,nan,15.000000000000012,16.98670752659092,10.988659367521155,63.86571987800198,12000,,nan,nan,,OK,
F18_Q0.25_PLANAR_OUTDOOR_UNIFORM,outdoor,uniform,UniformField,planar,planar source (49 cells),high,49,F-18,0.25,25.0,CONTROLLED,"(60, 60, 30)",0.5,0.5,0.5,0.05,600.0,27.145538340316637,27.145538340316637,0.0,923.51642942124,nan,nan,nan,22.16713210317083,15.000000000000002,7.500000000762328,20.947791833001247,12000,,nan,nan,,OK,
F18_Q0.25_PLANAR_OUTDOOR_SHEAR,outdoor,shear,ShearField,planar,planar source (49 cells),high,49,F-18,0.25,25.0,CONTROLLED,"(60, 60, 30)",0.5,0.5,0.5,0.05,600.0,25.23748754473607,25.23748754473607,0.0,842.2442304383316,nan,nan,nan,22.172863137786457,15.0,7.492925216993136,20.775683294999908,12000,,nan,nan,,OK,
F18_Q0.25_PLANAR_OUTDOOR_GUST,outdoor,gust,GustField,planar,planar source (49 cells),high,49,F-18,0.25,25.0,CONTROLLED,"(60, 60, 30)",0.5,0.5,0.5,0.05,600.0,30.36680996912675,30.305092458775214,0.0,946.7383065079047,nan,nan,nan,21.98013248771084,15.0,7.500000000918187,21.459699770999578,12000,,nan,nan,,OK,
F18_Q0.25_PLANAR_OUTDOOR_VORTEX,outdoor,vortex,VortexField,planar,planar source (49 cells),high,49,F-18,0.25,25.0,CONTROLLED,"(60, 60, 30)",0.5,0.5,0.5,0.05,600.0,99.40415575488662,99.40415575488662,0.0,1817.0324677234214,nan,nan,nan,15.000000000005192,15.000000000004345,7.500000108974685,20.762031313999614,12000,,nan,nan,,OK,
F18_Q0.25_VOLUMETRIC_INDOOR_CLOSED,indoor,closed,IndoorClosedRoom,volumetric,3-D volumetric source (75 cells),high,75,F-18,0.25,25.0,CONTROLLED,"(60, 60, 30)",0.5,0.5,0.5,0.05,600.0,118.00991327715332,118.00991327715332,0.0,1817.032525745769,nan,nan,nan,15.0,15.000000000000002,7.500000264177307,62.62580408399663,12000,,nan,nan,,OK,
F18_Q0.25_VOLUMETRIC_INDOOR_LOW_VENTILATION,indoor,low_ventilation,IndoorLowVentilation,volumetric,3-D volumetric source (75 cells),high,75,F-18,0.25,25.0,CONTROLLED,"(60, 60, 30)",0.5,0.5,0.5,0.05,600.0,96.9234411461084,96.9234411461084,0.0,1809.556469837092,nan,nan,nan,15.000059155518333,14.998785391160567,8.21648862419036,62.126447802002076,12000,,nan,nan,,OK,
F18_Q0.25_VOLUMETRIC_INDOOR_NORMAL_VENTILATION,indoor,normal_ventilation,IndoorNormalVentilation,volumetric,3-D volumetric source (75 cells),high,75,F-18,0.25,25.0,CONTROLLED,"(60, 60, 30)",0.5,0.5,0.5,0.05,600.0,66.79233949802637,66.79233949802637,0.0,1764.4984949514737,nan,nan,nan,14.999016067341076,14.99799201313547,9.222267093628902,62.374916700999165,12000,,nan,nan,,OK,
F18_Q0.25_VOLUMETRIC_INDOOR_HIGH_VENTILATION,indoor,high_ventilation,IndoorHighVentilation,volumetric,3-D volumetric source (75 cells),high,75,F-18,0.25,25.0,CONTROLLED,"(60, 60, 30)",0.5,0.5,0.5,0.05,600.0,4.813706409730416,4.813706409730416,0.0,233.62370350562364,nan,nan,nan,15.000000000000005,16.992215545723397,10.97756064848424,64.22338849199878,12000,,nan,nan,,OK,
F18_Q0.25_VOLUMETRIC_OUTDOOR_UNIFORM,outdoor,uniform,UniformField,volumetric,3-D volumetric source (75 cells),high,75,F-18,0.25,25.0,CONTROLLED,"(60, 60, 30)",0.5,0.5,0.5,0.05,600.0,16.3222367657117,16.3222367657117,0.0,923.5487874870726,nan,nan,nan,22.183780141236955,15.0,7.500000002288925,21.156167569999525,12000,,nan,nan,,OK,
F18_Q0.25_VOLUMETRIC_OUTDOOR_SHEAR,outdoor,shear,ShearField,volumetric,3-D volumetric source (75 cells),high,75,F-18,0.25,25.0,CONTROLLED,"(60, 60, 30)",0.5,0.5,0.5,0.05,600.0,14.903832406425837,14.903832406425837,0.0,842.5336012466473,nan,nan,nan,22.189504777985118,15.0,7.48876937675191,21.505576180999924,12000,,nan,nan,,OK,
F18_Q0.25_VOLUMETRIC_OUTDOOR_GUST,outdoor,gust,GustField,volumetric,3-D volumetric source (75 cells),high,75,F-18,0.25,25.0,CONTROLLED,"(60, 60, 30)",0.5,0.5,0.5,0.05,600.0,19.920078598629058,19.91236439667023,0.0,946.8804470916876,nan,nan,nan,21.99734255860304,15.000000000000002,7.500000002732784,21.37949832999948,12000,,nan,nan,,OK,
F18_Q0.25_VOLUMETRIC_OUTDOOR_VORTEX,outdoor,vortex,VortexField,volumetric,3-D volumetric source (75 cells),high,75,F-18,0.25,25.0,CONTROLLED,"(60, 60, 30)",0.5,0.5,0.5,0.05,600.0,113.38642384378682,113.38642384378682,0.0,1817.0325256313029,nan,nan,nan,15.000000000000712,15.000000000000574,7.500000263873147,20.908465664000687,12000,,nan,nan,,OK,
F18_Q0.5_MULTIPLE_POINTS_INDOOR_CLOSED,indoor,closed,IndoorClosedRoom,multiple_points,5 point sources,high,5,F-18,0.5,50.0,CONTROLLED,"(60, 60, 30)",0.5,0.5,0.5,0.05,600.0,603.7892428745654,603.7892428745654,0.0,3634.064935540918,nan,nan,nan,15.0,14.999999999999996,7.500000109107431,62.22326924599838,12000,,nan,nan,,OK,
F18_Q0.5_MULTIPLE_POINTS_INDOOR_LOW_VENTILATION,indoor,low_ventilation,IndoorLowVentilation,multiple_points,5 point sources,high,5,F-18,0.5,50.0,CONTROLLED,"(60, 60, 30)",0.5,0.5,0.5,0.05,600.0,466.68205154384714,466.68205154384714,0.0,3621.4243295697543,nan,nan,nan,14.999450659200898,15.008465411258173,8.218624739770512,61.93787083400093,12000,,nan,nan,,OK,
F18_Q0.5_MULTIPLE_POINTS_INDOOR_NORMAL_VENTILATION,indoor,normal_ventilation,IndoorNormalVentilation,multiple_points,5 point sources,high,5,F-18,0.5,50.0,CONTROLLED,"(60, 60, 30)",0.5,0.5,0.5,0.05,600.0,337.69572310012984,337.69572310012984,0.0,3539.2011672009453,nan,nan,nan,14.997499035775595,15.02159696411221,9.23363973372795,62.01139673999933,12000,,nan,nan,,OK,
F18_Q0.5_MULTIPLE_POINTS_INDOOR_HIGH_VENTILATION,indoor,high_ventilation,IndoorHighVentilation,multiple_points,5 point sources,high,5,F-18,0.5,50.0,CONTROLLED,"(60, 60, 30)",0.5,0.5,0.5,0.05,600.0,32.90667913812914,32.90667913812914,0.0,467.25267945990964,nan,nan,nan,15.000000000000002,16.986708027342015,10.988659481395977,63.67487221999909,12000,,nan,nan,,OK,
F18_Q0.5_MULTIPLE_POINTS_OUTDOOR_UNIFORM,outdoor,uniform,UniformField,multiple_points,5 point sources,high,5,F-18,0.5,50.0,CONTROLLED,"(60, 60, 30)",0.5,0.5,0.5,0.05,600.0,183.38671169281,183.38671169281,0.0,1847.0456935293948,nan,nan,nan,22.17046141607281,15.0,7.500000000751155,20.915156877999834,12000,,nan,nan,,OK,
F18_Q0.5_MULTIPLE_POINTS_OUTDOOR_SHEAR,outdoor,shear,ShearField,multiple_points,5 point sources,high,5,F-18,0.5,50.0,CONTROLLED,"(60, 60, 30)",0.5,0.5,0.5,0.05,600.0,172.80840925887097,172.80840925887097,0.0,1684.4986808462709,nan,nan,nan,22.17619251814455,15.0,7.4929281553821765,20.64683427899945,12000,,nan,nan,,OK,
F18_Q0.5_MULTIPLE_POINTS_OUTDOOR_GUST,outdoor,gust,GustField,multiple_points,5 point sources,high,5,F-18,0.5,50.0,CONTROLLED,"(60, 60, 30)",0.5,0.5,0.5,0.05,600.0,203.50383817829527,197.11106716921685,0.0,1893.5590716854344,nan,nan,nan,21.983682439422587,15.000000000000002,7.500000000905059,21.17405515000064,12000,,nan,nan,,OK,
F18_Q0.5_MULTIPLE_POINTS_OUTDOOR_VORTEX,outdoor,vortex,VortexField,multiple_points,5 point sources,high,5,F-18,0.5,50.0,CONTROLLED,"(60, 60, 30)",0.5,0.5,0.5,0.05,600.0,592.6707139749652,592.6707139749652,0.0,3634.064935445037,nan,nan,nan,15.000000000002846,15.000000000002288,7.500000108974684,20.688250450999476,12000,,nan,nan,,OK,
F18_Q0.5_PLANAR_INDOOR_CLOSED,indoor,closed,IndoorClosedRoom,planar,planar source (49 cells),high,49,F-18,0.5,50.0,CONTROLLED,"(60, 60, 30)",0.5,0.5,0.5,0.05,600.0,202.74945448626644,202.74945448626644,0.0,3634.0649355406636,nan,nan,nan,15.000000000000002,14.999999999999998,7.50000010910743,62.53862231899984,12000,,nan,nan,,OK,
F18_Q0.5_PLANAR_INDOOR_LOW_VENTILATION,indoor,low_ventilation,IndoorLowVentilation,planar,planar source (49 cells),high,49,F-18,0.5,50.0,CONTROLLED,"(60, 60, 30)",0.5,0.5,0.5,0.05,600.0,139.42142637639046,139.42142637639046,0.0,3630.536061217578,nan,nan,nan,14.999461901723187,14.998024659686857,8.219882365812534,62.24091700799909,12000,,nan,nan,,OK,
F18_Q0.5_PLANAR_INDOOR_NORMAL_VENTILATION,indoor,normal_ventilation,IndoorNormalVentilation,planar,planar source (49 cells),high,49,F-18,0.5,50.0,CONTROLLED,"(60, 60, 30)",0.5,0.5,0.5,0.05,600.0,78.58694141230961,78.58694141230961,0.0,3566.651596850107,nan,nan,nan,14.997512495336162,14.995462477957885,9.237964644707795,61.967433793000964,12000,,nan,nan,,OK,
F18_Q0.5_PLANAR_INDOOR_HIGH_VENTILATION,indoor,high_ventilation,IndoorHighVentilation,planar,planar source (49 cells),high,49,F-18,0.5,50.0,CONTROLLED,"(60, 60, 30)",0.5,0.5,0.5,0.05,600.0,5.088077579387101,5.088077579387101,0.0,467.25266141727514,nan,nan,nan,15.000000000000012,16.98670752659092,10.988659367521155,63.5330529769999,12000,,nan,nan,,OK,
F18_Q0.5_PLANAR_OUTDOOR_UNIFORM,outdoor,uniform,UniformField,planar,planar source (49 cells),high,49,F-18,0.5,50.0,CONTROLLED,"(60, 60, 30)",0.5,0.5,0.5,0.05,600.0,54.291076680633275,54.291076680633275,0.0,1847.03285884248,nan,nan,nan,22.16713210317083,15.000000000000002,7.500000000762328,20.967794472002424,12000,,nan,nan,,OK,
F18_Q0.5_PLANAR_OUTDOOR_SHEAR,outdoor,shear,ShearField,planar,planar source (49 cells),high,49,F-18,0.5,50.0,CONTROLLED,"(60, 60, 30)",0.5,0.5,0.5,0.05,600.0,50.47497508947214,50.47497508947214,0.0,1684.488460876663,nan,nan,nan,22.172863137786457,15.0,7.492925216993136,20.759985243999836,12000,,nan,nan,,OK,
F18_Q0.5_PLANAR_OUTDOOR_GUST,outdoor,gust,GustField,planar,planar source (49 cells),high,49,F-18,0.5,50.0,CONTROLLED,"(60, 60, 30)",0.5,0.5,0.5,0.05,600.0,60.7336199382535,60.61018491755043,0.0,1893.4766130158093,nan,nan,nan,21.98013248771084,15.0,7.500000000918187,21.21550152800046,12000,,nan,nan,,OK,
F18_Q0.5_PLANAR_OUTDOOR_VORTEX,outdoor,vortex,VortexField,planar,planar source (49 cells),high,49,F-18,0.5,50.0,CONTROLLED,"(60, 60, 30)",0.5,0.5,0.5,0.05,600.0,198.80831150977323,198.80831150977323,0.0,3634.064935446843,nan,nan,nan,15.000000000005192,15.000000000004345,7.500000108974685,20.80981322200023,12000,,nan,nan,,OK,
F18_Q0.5_VOLUMETRIC_INDOOR_CLOSED,indoor,closed,IndoorClosedRoom,volumetric,3-D volumetric source (75 cells),high,75,F-18,0.5,50.0,CONTROLLED,"(60, 60, 30)",0.5,0.5,0.5,0.05,600.0,236.01982655430663,236.01982655430663,0.0,3634.065051491538,nan,nan,nan,15.0,15.000000000000002,7.500000264177307,62.32772241999919,12000,,nan,nan,,OK,
F18_Q0.5_VOLUMETRIC_INDOOR_LOW_VENTILATION,indoor,low_ventilation,IndoorLowVentilation,volumetric,3-D volumetric source (75 cells),high,75,F-18,0.5,50.0,CONTROLLED,"(60, 60, 30)",0.5,0.5,0.5,0.05,600.0,193.8468822922168,193.8468822922168,0.0,3619.112939674184,nan,nan,nan,15.000059155518333,14.998785391160567,8.21648862419036,61.992783646001044,12000,,nan,nan,,OK,
F18_Q0.5_VOLUMETRIC_INDOOR_NORMAL_VENTILATION,indoor,normal_ventilation,IndoorNormalVentilation,volumetric,3-D volumetric source (75 cells),high,75,F-18,0.5,50.0,CONTROLLED,"(60, 60, 30)",0.5,0.5,0.5,0.05,600.0,133.58467899605273,133.58467899605273,0.0,3528.9969899029475,nan,nan,nan,14.999016067341076,14.99799201313547,9.222267093628902,61.977553429002,12000,,nan,nan,,OK,
F18_Q0.5_VOLUMETRIC_INDOOR_HIGH_VENTILATION,indoor,high_ventilation,IndoorHighVentilation,volumetric,3-D volumetric source (75 cells),high,75,F-18,0.5,50.0,CONTROLLED,"(60, 60, 30)",0.5,0.5,0.5,0.05,600.0,9.627412819460831,9.627412819460831,0.0,467.2474070112473,nan,nan,nan,15.000000000000005,16.992215545723397,10.97756064848424,64.00295179600289,12000,,nan,nan,,OK,
F18_Q0.5_VOLUMETRIC_OUTDOOR_UNIFORM,outdoor,uniform,UniformField,volumetric,3-D volumetric source (75 cells),high,75,F-18,0.5,50.0,CONTROLLED,"(60, 60, 30)",0.5,0.5,0.5,0.05,600.0,32.6444735314234,32.6444735314234,0.0,1847.0975749741451,nan,nan,nan,22.183780141236955,15.0,7.500000002288925,21.01720060200023,12000,,nan,nan,,OK,
F18_Q0.5_VOLUMETRIC_OUTDOOR_SHEAR,outdoor,shear,ShearField,volumetric,3-D volumetric source (75 cells),high,75,F-18,0.5,50.0,CONTROLLED,"(60, 60, 30)",0.5,0.5,0.5,0.05,600.0,29.807664812851673,29.807664812851673,0.0,1685.0672024932946,nan,nan,nan,22.189504777985118,15.0,7.48876937675191,20.770225644002494,12000,,nan,nan,,OK,
F18_Q0.5_VOLUMETRIC_OUTDOOR_GUST,outdoor,gust,GustField,volumetric,3-D volumetric source (75 cells),high,75,F-18,0.5,50.0,CONTROLLED,"(60, 60, 30)",0.5,0.5,0.5,0.05,600.0,39.840157197258115,39.82472879334046,0.0,1893.7608941833753,nan,nan,nan,21.99734255860304,15.000000000000002,7.500000002732784,21.358323282998754,12000,,nan,nan,,OK,
F18_Q0.5_VOLUMETRIC_OUTDOOR_VORTEX,outdoor,vortex,VortexField,volumetric,3-D volumetric source (75 cells),high,75,F-18,0.5,50.0,CONTROLLED,"(60, 60, 30)",0.5,0.5,0.5,0.05,600.0,226.77284768757363,226.77284768757363,0.0,3634.0650512626057,nan,nan,nan,15.000000000000712,15.000000000000574,7.500000263873147,20.810093424002844,12000,,nan,nan,,OK,
F18_Q0.75_MULTIPLE_POINTS_INDOOR_CLOSED,indoor,closed,IndoorClosedRoom,multiple_points,5 point sources,high,5,F-18,0.75,75.0,CONTROLLED,"(60, 60, 30)",0.5,0.5,0.5,0.05,600.0,905.6838643118482,905.6838643118482,0.0,5451.09740331138,nan,nan,nan,14.999999999999998,14.999999999999998,7.500000109107429,62.23228663300324,12000,,nan,nan,,OK,
F18_Q0.75_MULTIPLE_POINTS_INDOOR_LOW_VENTILATION,indoor,low_ventilation,IndoorLowVentilation,multiple_points,5 point sources,high,5,F-18,0.75,75.0,CONTROLLED,"(60, 60, 30)",0.5,0.5,0.5,0.05,600.0,700.0230773157724,700.0230773157724,0.0,5432.136494354629,nan,nan,nan,14.999450659200903,15.008465411258172,8.218624739770513,62.030777497999225,12000,,nan,nan,,OK,
F18_Q0.75_MULTIPLE_POINTS_INDOOR_NORMAL_VENTILATION,indoor,normal_ventilation,IndoorNormalVentilation,multiple_points,5 point sources,high,5,F-18,0.75,75.0,CONTROLLED,"(60, 60, 30)",0.5,0.5,0.5,0.05,600.0,506.54358465019544,506.54358465019544,0.0,5308.801750801419,nan,nan,nan,14.997499035775594,15.021596964112204,9.233639733727948,62.15897161999965,12000,,nan,nan,,OK,
F18_Q0.75_MULTIPLE_POINTS_INDOOR_HIGH_VENTILATION,indoor,high_ventilation,IndoorHighVentilation,multiple_points,5 point sources,high,5,F-18,0.75,75.0,CONTROLLED,"(60, 60, 30)",0.5,0.5,0.5,0.05,600.0,49.36001870719431,49.36001870719431,0.0,700.8790191898631,nan,nan,nan,15.000000000000005,16.98670802734202,10.988659481395974,63.64261249499759,12000,,nan,nan,,OK,
F18_Q0.75_MULTIPLE_POINTS_OUTDOOR_UNIFORM,outdoor,uniform,UniformField,multiple_points,5 point sources,high,5,F-18,0.75,75.0,CONTROLLED,"(60, 60, 30)",0.5,0.5,0.5,0.05,600.0,275.08006753920813,275.08006753920813,0.0,2770.5685402940853,nan,nan,nan,22.170461416072822,15.0,7.500000000751155,21.06660141300017,12000,,nan,nan,,OK,
F18_Q0.75_MULTIPLE_POINTS_OUTDOOR_SHEAR,outdoor,shear,ShearField,multiple_points,5 point sources,high,5,F-18,0.75,75.0,CONTROLLED,"(60, 60, 30)",0.5,0.5,0.5,0.05,600.0,259.2126138883042,259.2126138883042,0.0,2526.748021269395,nan,nan,nan,22.17619251814455,14.999999999999998,7.4929281553821765,20.666684562998853,12000,,nan,nan,,OK,
F18_Q0.75_MULTIPLE_POINTS_OUTDOOR_GUST,outdoor,gust,GustField,multiple_points,5 point sources,high,5,F-18,0.75,75.0,CONTROLLED,"(60, 60, 30)",0.5,0.5,0.5,0.05,600.0,305.25575726744324,295.66660075382606,0.0,2840.3386075281524,nan,nan,nan,21.98368243942258,14.999999999999998,7.500000000905057,21.216783120999025,12000,,nan,nan,,OK,
F18_Q0.75_MULTIPLE_POINTS_OUTDOOR_VORTEX,outdoor,vortex,VortexField,multiple_points,5 point sources,high,5,F-18,0.75,75.0,CONTROLLED,"(60, 60, 30)",0.5,0.5,0.5,0.05,600.0,889.0060709624446,889.0060709624446,0.0,5451.097403167546,nan,nan,nan,15.000000000002846,15.000000000002288,7.5000001089746835,20.93705837199741,12000,,nan,nan,,OK,
F18_Q0.75_PLANAR_INDOOR_CLOSED,indoor,closed,IndoorClosedRoom,planar,planar source (49 cells),high,49,F-18,0.75,75.0,CONTROLLED,"(60, 60, 30)",0.5,0.5,0.5,0.05,600.0,304.12418172943103,304.12418172943103,0.0,5451.097403311707,nan,nan,nan,15.0,15.0,7.50000010910743,62.281484766001086,12000,,nan,nan,,OK,
F18_Q0.75_PLANAR_INDOOR_LOW_VENTILATION,indoor,low_ventilation,IndoorLowVentilation,planar,planar source (49 cells),high,49,F-18,0.75,75.0,CONTROLLED,"(60, 60, 30)",0.5,0.5,0.5,0.05,600.0,209.13213956462857,209.13213956462857,0.0,5445.804091826537,nan,nan,nan,14.999461901723187,14.99802465968686,8.219882365812502,62.04561780700169,12000,,nan,nan,,OK,
F18_Q0.75_PLANAR_INDOOR_NORMAL_VENTILATION,indoor,normal_ventilation,IndoorNormalVentilation,planar,planar source (49 cells),high,49,F-18,0.75,75.0,CONTROLLED,"(60, 60, 30)",0.5,0.5,0.5,0.05,600.0,117.88041211845328,117.88041211845328,0.0,5349.9773952747,nan,nan,nan,14.997512495336165,14.995462477957886,9.237964644707805,61.93215214600059,12000,,nan,nan,,OK,
F18_Q0.75_PLANAR_INDOOR_HIGH_VENTILATION,indoor,high_ventilation,IndoorHighVentilation,planar,planar source (49 cells),high,49,F-18,0.75,75.0,CONTROLLED,"(60, 60, 30)",0.5,0.5,0.5,0.05,600.0,7.632116369080705,7.632116369080705,0.0,700.8789921259204,nan,nan,nan,15.000000000000009,16.986707526590923,10.988659367521151,63.56867922799938,12000,,nan,nan,,OK,
F18_Q0.75_PLANAR_OUTDOOR_UNIFORM,outdoor,uniform,UniformField,planar,planar source (49 cells),high,49,F-18,0.75,75.0,CONTROLLED,"(60, 60, 30)",0.5,0.5,0.5,0.05,600.0,81.43661502094484,81.43661502094484,0.0,2770.549288263543,nan,nan,nan,22.167132103170847,15.000000000000002,7.500000000762328,21.064201712000795,12000,,nan,nan,,OK,
F18_Q0.75_PLANAR_OUTDOOR_SHEAR,outdoor,shear,ShearField,planar,planar source (49 cells),high,49,F-18,0.75,75.0,CONTROLLED,"(60, 60, 30)",0.5,0.5,0.5,0.05,600.0,75.71246263420258,75.71246263420258,0.0,2526.7326913148645,nan,nan,nan,22.172863137786447,15.000000000000004,7.492925216993137,21.06468208899969,12000,,nan,nan,,OK,
F18_Q0.75_PLANAR_OUTDOOR_GUST,outdoor,gust,GustField,planar,planar source (49 cells),high,49,F-18,0.75,75.0,CONTROLLED,"(60, 60, 30)",0.5,0.5,0.5,0.05,600.0,91.10042990737435,90.91527737631995,0.0,2840.2149195235656,nan,nan,nan,21.980132487710822,15.000000000000002,7.500000000918188,21.37717290799992,12000,,nan,nan,,OK,
F18_Q0.75_PLANAR_OUTDOOR_VORTEX,outdoor,vortex,VortexField,planar,planar source (49 cells),high,49,F-18,0.75,75.0,CONTROLLED,"(60, 60, 30)",0.5,0.5,0.5,0.05,600.0,298.2124672646936,298.2124672646936,0.0,5451.097403170903,nan,nan,nan,15.000000000005192,15.000000000004343,7.500000108974684,20.86671731200113,12000,,nan,nan,,OK,
F18_Q0.75_VOLUMETRIC_INDOOR_CLOSED,indoor,closed,IndoorClosedRoom,volumetric,3-D volumetric source (75 cells),high,75,F-18,0.75,75.0,CONTROLLED,"(60, 60, 30)",0.5,0.5,0.5,0.05,600.0,354.0297398315408,354.0297398315408,0.0,5451.097577238317,nan,nan,nan,14.999999999999996,14.999999999999996,7.500000264177305,62.22281551899869,12000,,nan,nan,,OK,
F18_Q0.75_VOLUMETRIC_INDOOR_LOW_VENTILATION,indoor,low_ventilation,IndoorLowVentilation,volumetric,3-D volumetric source (75 cells),high,75,F-18,0.75,75.0,CONTROLLED,"(60, 60, 30)",0.5,0.5,0.5,0.05,600.0,290.77032343838863,290.77032343838863,0.0,5428.669409512094,nan,nan,nan,15.000059155518333,14.998785391160569,8.216488624190333,61.82014148100279,12000,,nan,nan,,OK,
F18_Q0.75_VOLUMETRIC_INDOOR_NORMAL_VENTILATION,indoor,normal_ventilation,IndoorNormalVentilation,volumetric,3-D volumetric source (75 cells),high,75,F-18,0.75,75.0,CONTROLLED,"(60, 60, 30)",0.5,0.5,0.5,0.05,600.0,200.37701849411243,200.37701849411243,0.0,5293.495484854764,nan,nan,nan,14.999016067341078,14.997992013135471,9.222267093628876,62.219563185997686,12000,,nan,nan,,OK,
F18_Q0.75_VOLUMETRIC_INDOOR_HIGH_VENTILATION,indoor,high_ventilation,IndoorHighVentilation,volumetric,3-D volumetric source (75 cells),high,75,F-18,0.75,75.0,CONTROLLED,"(60, 60, 30)",0.5,0.5,0.5,0.05,600.0,14.441119229191193,14.441119229191193,0.0,700.8711105168759,nan,nan,nan,15.000000000000009,16.9922155457234,10.977560648484237,64.06425506099913,12000,,nan,nan,,OK,
F18_Q0.75_VOLUMETRIC_OUTDOOR_UNIFORM,outdoor,uniform,UniformField,volumetric,3-D volumetric source (75 cells),high,75,F-18,0.75,75.0,CONTROLLED,"(60, 60, 30)",0.5,0.5,0.5,0.05,600.0,48.966710297134114,48.966710297134114,0.0,2770.646362461103,nan,nan,nan,22.183780141236955,15.000000000000002,7.500000002288925,21.47788185099853,12000,,nan,nan,,OK,
F18_Q0.75_VOLUMETRIC_OUTDOOR_SHEAR,outdoor,shear,ShearField,volumetric,3-D volumetric source (75 cells),high,75,F-18,0.75,75.0,CONTROLLED,"(60, 60, 30)",0.5,0.5,0.5,0.05,600.0,44.711497219274364,44.711497219274364,0.0,2527.600803739837,nan,nan,nan,22.189504777985096,15.0,7.488769376751902,21.415431223998894,12000,,nan,nan,,OK,
F18_Q0.75_VOLUMETRIC_OUTDOOR_GUST,outdoor,gust,GustField,volumetric,3-D volumetric source (75 cells),high,75,F-18,0.75,75.0,CONTROLLED,"(60, 60, 30)",0.5,0.5,0.5,0.05,600.0,59.76023579588552,59.737093190009126,0.0,2840.641341274966,nan,nan,nan,21.99734255860303,15.0,7.500000002732785,21.883286816999316,12000,,nan,nan,,OK,
F18_Q0.75_VOLUMETRIC_OUTDOOR_VORTEX,outdoor,vortex,VortexField,volumetric,3-D volumetric source (75 cells),high,75,F-18,0.75,75.0,CONTROLLED,"(60, 60, 30)",0.5,0.5,0.5,0.05,600.0,340.15927153143764,340.15927153143764,0.0,5451.0975768948665,nan,nan,nan,15.000000000000718,15.000000000000574,7.500000263873149,21.384866794000118,12000,,nan,nan,,OK,
F18_Q1_MULTIPLE_POINTS_INDOOR_CLOSED,indoor,closed,IndoorClosedRoom,multiple_points,5 point sources,high,5,F-18,1.0,100.0,REFERENCE,"(60, 60, 30)",0.5,0.5,0.5,0.05,600.0,1207.5784857491308,1207.5784857491308,0.0,7268.129871081836,nan,nan,nan,15.0,14.999999999999996,7.500000109107431,63.099172690999694,12000,,nan,nan,,OK,
F18_Q1_MULTIPLE_POINTS_INDOOR_LOW_VENTILATION,indoor,low_ventilation,IndoorLowVentilation,multiple_points,5 point sources,high,5,F-18,1.0,100.0,REFERENCE,"(60, 60, 30)",0.5,0.5,0.5,0.05,600.0,933.3641030876943,933.3641030876943,0.0,7242.8486591395085,nan,nan,nan,14.999450659200898,15.008465411258173,8.218624739770512,62.52720902799774,12000,,nan,nan,,OK,
F18_Q1_MULTIPLE_POINTS_INDOOR_NORMAL_VENTILATION,indoor,normal_ventilation,IndoorNormalVentilation,multiple_points,5 point sources,high,5,F-18,1.0,100.0,REFERENCE,"(60, 60, 30)",0.5,0.5,0.5,0.05,600.0,675.3914462002597,675.3914462002597,0.0,7078.402334401891,nan,nan,nan,14.997499035775595,15.02159696411221,9.23363973372795,62.70140481400085,12000,,nan,nan,,OK,
F18_Q1_MULTIPLE_POINTS_INDOOR_HIGH_VENTILATION,indoor,high_ventilation,IndoorHighVentilation,multiple_points,5 point sources,high,5,F-18,1.0,100.0,REFERENCE,"(60, 60, 30)",0.5,0.5,0.5,0.05,600.0,65.81335827625828,65.81335827625828,0.0,934.5053589198193,nan,nan,nan,15.000000000000002,16.986708027342015,10.988659481395977,63.7141894430024,12000,,nan,nan,,OK,
F18_Q1_MULTIPLE_POINTS_OUTDOOR_UNIFORM,outdoor,uniform,UniformField,multiple_points,5 point sources,high,5,F-18,1.0,100.0,REFERENCE,"(60, 60, 30)",0.5,0.5,0.5,0.05,600.0,366.77342338562,366.77342338562,0.0,3694.0913870587897,nan,nan,nan,22.17046141607281,15.0,7.500000000751155,21.269982484001957,12000,,nan,nan,,OK,
F18_Q1_MULTIPLE_POINTS_OUTDOOR_SHEAR,outdoor,shear,ShearField,multiple_points,5 point sources,high,5,F-18,1.0,100.0,REFERENCE,"(60, 60, 30)",0.5,0.5,0.5,0.05,600.0,345.61681851774193,345.61681851774193,0.0,3368.9973616925417,nan,nan,nan,22.17619251814455,15.0,7.4929281553821765,21.01361374499902,12000,,nan,nan,,OK,
F18_Q1_MULTIPLE_POINTS_OUTDOOR_GUST,outdoor,gust,GustField,multiple_points,5 point sources,high,5,F-18,1.0,100.0,REFERENCE,"(60, 60, 30)",0.5,0.5,0.5,0.05,600.0,407.00767635659054,394.2221343384337,0.0,3787.118143370869,nan,nan,nan,21.983682439422587,15.000000000000002,7.500000000905059,21.42632164799943,12000,,nan,nan,,OK,
F18_Q1_MULTIPLE_POINTS_OUTDOOR_VORTEX,outdoor,vortex,VortexField,multiple_points,5 point sources,high,5,F-18,1.0,100.0,REFERENCE,"(60, 60, 30)",0.5,0.5,0.5,0.05,600.0,1185.3414279499304,1185.3414279499304,0.0,7268.129870890074,nan,nan,nan,15.000000000002846,15.000000000002288,7.500000108974684,21.00256164899838,12000,,nan,nan,,OK,
F18_Q1_PLANAR_INDOOR_CLOSED,indoor,closed,IndoorClosedRoom,planar,planar source (49 cells),high,49,F-18,1.0,100.0,REFERENCE,"(60, 60, 30)",0.5,0.5,0.5,0.05,600.0,405.4989089725329,405.4989089725329,0.0,7268.129871081327,nan,nan,nan,15.000000000000002,14.999999999999998,7.50000010910743,62.53262561300289,12000,,nan,nan,,OK,
F18_Q1_PLANAR_INDOOR_LOW_VENTILATION,indoor,low_ventilation,IndoorLowVentilation,planar,planar source (49 cells),high,49,F-18,1.0,100.0,REFERENCE,"(60, 60, 30)",0.5,0.5,0.5,0.05,600.0,278.8428527527809,278.8428527527809,0.0,7261.072122435156,nan,nan,nan,14.999461901723187,14.998024659686857,8.219882365812534,62.0834371130004,12000,,nan,nan,,OK,
F18_Q1_PLANAR_INDOOR_NORMAL_VENTILATION,indoor,normal_ventilation,IndoorNormalVentilation,planar,planar source (49 cells),high,49,F-18,1.0,100.0,REFERENCE,"(60, 60, 30)",0.5,0.5,0.5,0.05,600.0,157.17388282461923,157.17388282461923,0.0,7133.303193700214,nan,nan,nan,14.997512495336162,14.995462477957885,9.237964644707795,62.581397067999205,12000,,nan,nan,,OK,
F18_Q1_PLANAR_INDOOR_HIGH_VENTILATION,indoor,high_ventilation,IndoorHighVentilation,planar,planar source (49 cells),high,49,F-18,1.0,100.0,REFERENCE,"(60, 60, 30)",0.5,0.5,0.5,0.05,600.0,10.176155158774202,10.176155158774202,0.0,934.5053228345503,nan,nan,nan,15.000000000000012,16.98670752659092,10.988659367521155,64.0225163569994,12000,,nan,nan,,OK,
F18_Q1_PLANAR_OUTDOOR_UNIFORM,outdoor,uniform,UniformField,planar,planar source (49 cells),high,49,F-18,1.0,100.0,REFERENCE,"(60, 60, 30)",0.5,0.5,0.5,0.05,600.0,108.58215336126655,108.58215336126655,0.0,3694.06571768496,nan,nan,nan,22.16713210317083,15.000000000000002,7.500000000762328,21.087790757999755,12000,,nan,nan,,OK,
F18_Q1_PLANAR_OUTDOOR_SHEAR,outdoor,shear,ShearField,planar,planar source (49 cells),high,49,F-18,1.0,100.0,REFERENCE,"(60, 60, 30)",0.5,0.5,0.5,0.05,600.0,100.94995017894428,100.94995017894428,0.0,3368.976921753326,nan,nan,nan,22.172863137786457,15.0,7.492925216993136,21.049553662000108,12000,,nan,nan,,OK,
F18_Q1_PLANAR_OUTDOOR_GUST,outdoor,gust,GustField,planar,planar source (49 cells),high,49,F-18,1.0,100.0,REFERENCE,"(60, 60, 30)",0.5,0.5,0.5,0.05,600.0,121.467239876507,121.22036983510085,0.0,3786.9532260316187,nan,nan,nan,21.98013248771084,15.0,7.500000000918187,21.603668096999172,12000,,nan,nan,,OK,
F18_Q1_PLANAR_OUTDOOR_VORTEX,outdoor,vortex,VortexField,planar,planar source (49 cells),high,49,F-18,1.0,100.0,REFERENCE,"(60, 60, 30)",0.5,0.5,0.5,0.05,600.0,397.61662301954647,397.61662301954647,0.0,7268.129870893686,nan,nan,nan,15.000000000005192,15.000000000004345,7.500000108974685,21.085000798000692,12000,,nan,nan,,OK,
F18_Q1_VOLUMETRIC_INDOOR_CLOSED,indoor,closed,IndoorClosedRoom,volumetric,3-D volumetric source (75 cells),high,75,F-18,1.0,100.0,REFERENCE,"(60, 60, 30)",0.5,0.5,0.5,0.05,600.0,472.03965310861327,472.03965310861327,0.0,7268.130102983076,nan,nan,nan,15.0,15.000000000000002,7.500000264177307,62.871900501999335,12000,,nan,nan,,OK,
F18_Q1_VOLUMETRIC_INDOOR_LOW_VENTILATION,indoor,low_ventilation,IndoorLowVentilation,volumetric,3-D volumetric source (75 cells),high,75,F-18,1.0,100.0,REFERENCE,"(60, 60, 30)",0.5,0.5,0.5,0.05,600.0,387.6937645844336,387.6937645844336,0.0,7238.225879348368,nan,nan,nan,15.000059155518333,14.998785391160567,8.21648862419036,62.4151998870002,12000,,nan,nan,,OK,
F18_Q1_VOLUMETRIC_INDOOR_NORMAL_VENTILATION,indoor,normal_ventilation,IndoorNormalVentilation,volumetric,3-D volumetric source (75 cells),high,75,F-18,1.0,100.0,REFERENCE,"(60, 60, 30)",0.5,0.5,0.5,0.05,600.0,267.16935799210546,267.16935799210546,0.0,7057.993979805895,nan,nan,nan,14.999016067341076,14.99799201313547,9.222267093628902,62.404847046000214,12000,,nan,nan,,OK,
F18_Q1_VOLUMETRIC_INDOOR_HIGH_VENTILATION,indoor,high_ventilation,IndoorHighVentilation,volumetric,3-D volumetric source (75 cells),high,75,F-18,1.0,100.0,REFERENCE,"(60, 60, 30)",0.5,0.5,0.5,0.05,600.0,19.254825638921663,19.254825638921663,0.0,934.4948140224946,nan,nan,nan,15.000000000000005,16.992215545723397,10.97756064848424,63.91955694200078,12000,,nan,nan,,OK,
F18_Q1_VOLUMETRIC_OUTDOOR_UNIFORM,outdoor,uniform,UniformField,volumetric,3-D volumetric source (75 cells),high,75,F-18,1.0,100.0,REFERENCE,"(60, 60, 30)",0.5,0.5,0.5,0.05,600.0,65.2889470628468,65.2889470628468,0.0,3694.1951499482902,nan,nan,nan,22.183780141236955,15.0,7.500000002288925,21.182873585003108,12000,,nan,nan,,OK,
F18_Q1_VOLUMETRIC_OUTDOOR_SHEAR,outdoor,shear,ShearField,volumetric,3-D volumetric source (75 cells),high,75,F-18,1.0,100.0,REFERENCE,"(60, 60, 30)",0.5,0.5,0.5,0.05,600.0,59.615329625703346,59.615329625703346,0.0,3370.1344049865893,nan,nan,nan,22.189504777985118,15.0,7.48876937675191,21.100102986998536,12000,,nan,nan,,OK,
F18_Q1_VOLUMETRIC_OUTDOOR_GUST,outdoor,gust,GustField,volumetric,3-D volumetric source (75 cells),high,75,F-18,1.0,100.0,REFERENCE,"(60, 60, 30)",0.5,0.5,0.5,0.05,600.0,79.68031439451623,79.64945758668092,0.0,3787.5217883667506,nan,nan,nan,21.99734255860304,15.000000000000002,7.500000002732784,21.686760094999045,12000,,nan,nan,,OK,
F18_Q1_VOLUMETRIC_OUTDOOR_VORTEX,outdoor,vortex,VortexField,volumetric,3-D volumetric source (75 cells),high,75,F-18,1.0,100.0,REFERENCE,"(60, 60, 30)",0.5,0.5,0.5,0.05,600.0,453.54569537514726,453.54569537514726,0.0,7268.130102525211,nan,nan,nan,15.000000000000712,15.000000000000574,7.500000263873147,21.275340338001115,12000,,nan,nan,,OK,
F18_Q1.5_MULTIPLE_POINTS_INDOOR_CLOSED,indoor,closed,IndoorClosedRoom,multiple_points,5 point sources,high,5,F-18,1.5,150.0,UNCONTROLLED,"(60, 60, 30)",0.5,0.5,0.5,0.05,600.0,1811.3677286236964,1811.3677286236964,0.0,10902.19480662276,nan,nan,nan,14.999999999999998,14.999999999999998,7.500000109107429,62.49436860900096,12000,,nan,nan,,OK,
F18_Q1.5_MULTIPLE_POINTS_INDOOR_LOW_VENTILATION,indoor,low_ventilation,IndoorLowVentilation,multiple_points,5 point sources,high,5,F-18,1.5,150.0,UNCONTROLLED,"(60, 60, 30)",0.5,0.5,0.5,0.05,600.0,1400.0461546315448,1400.0461546315448,0.0,10864.272988709257,nan,nan,nan,14.999450659200903,15.008465411258172,8.218624739770513,62.10174859399922,12000,,nan,nan,,OK,
F18_Q1.5_MULTIPLE_POINTS_INDOOR_NORMAL_VENTILATION,indoor,normal_ventilation,IndoorNormalVentilation,multiple_points,5 point sources,high,5,F-18,1.5,150.0,UNCONTROLLED,"(60, 60, 30)",0.5,0.5,0.5,0.05,600.0,1013.0871693003909,1013.0871693003909,0.0,10617.603501602838,nan,nan,nan,14.997499035775594,15.021596964112204,9.233639733727948,61.98529986300127,12000,,nan,nan,,OK,
F18_Q1.5_MULTIPLE_POINTS_INDOOR_HIGH_VENTILATION,indoor,high_ventilation,IndoorHighVentilation,multiple_points,5 point sources,high,5,F-18,1.5,150.0,UNCONTROLLED,"(60, 60, 30)",0.5,0.5,0.5,0.05,600.0,98.72003741438861,98.72003741438861,0.0,1401.7580383797263,nan,nan,nan,15.000000000000005,16.98670802734202,10.988659481395974,63.61806077199799,12000,,nan,nan,,OK,
F18_Q1.5_MULTIPLE_POINTS_OUTDOOR_UNIFORM,outdoor,uniform,UniformField,multiple_points,5 point sources,high,5,F-18,1.5,150.0,UNCONTROLLED,"(60, 60, 30)",0.5,0.5,0.5,0.05,600.0,550.1601350784163,550.1601350784163,0.0,5541.137080588171,nan,nan,nan,22.170461416072822,15.0,7.500000000751155,20.952909458999784,12000,,nan,nan,,OK,
F18_Q1.5_MULTIPLE_POINTS_OUTDOOR_SHEAR,outdoor,shear,ShearField,multiple_points,5 point sources,high,5,F-18,1.5,150.0,UNCONTROLLED,"(60, 60, 30)",0.5,0.5,0.5,0.05,600.0,518.4252277766084,518.4252277766084,0.0,5053.49604253879,nan,nan,nan,22.17619251814455,14.999999999999998,7.4929281553821765,20.92449077600031,12000,,nan,nan,,OK,
F18_Q1.5_MULTIPLE_POINTS_OUTDOOR_GUST,outdoor,gust,GustField,multiple_points,5 point sources,high,5,F-18,1.5,150.0,UNCONTROLLED,"(60, 60, 30)",0.5,0.5,0.5,0.05,600.0,610.5115145348865,591.3332015076521,0.0,5680.677215056305,nan,nan,nan,21.98368243942258,14.999999999999998,7.500000000905057,21.434149223998247,12000,,nan,nan,,OK,
F18_Q1.5_MULTIPLE_POINTS_OUTDOOR_VORTEX,outdoor,vortex,VortexField,multiple_points,5 point sources,high,5,F-18,1.5,150.0,UNCONTROLLED,"(60, 60, 30)",0.5,0.5,0.5,0.05,600.0,1778.0121419248892,1778.0121419248892,0.0,10902.194806335092,nan,nan,nan,15.000000000002846,15.000000000002288,7.5000001089746835,21.03749693899954,12000,,nan,nan,,OK,
F18_Q1.5_PLANAR_INDOOR_CLOSED,indoor,closed,IndoorClosedRoom,planar,planar source (49 cells),high,49,F-18,1.5,150.0,UNCONTROLLED,"(60, 60, 30)",0.5,0.5,0.5,0.05,600.0,608.2483634588621,608.2483634588621,0.0,10902.194806623414,nan,nan,nan,15.0,15.0,7.50000010910743,62.861184853998566,12000,,nan,nan,,OK,
F18_Q1.5_PLANAR_INDOOR_LOW_VENTILATION,indoor,low_ventilation,IndoorLowVentilation,planar,planar source (49 cells),high,49,F-18,1.5,150.0,UNCONTROLLED,"(60, 60, 30)",0.5,0.5,0.5,0.05,600.0,418.26427912925715,418.26427912925715,0.0,10891.608183653074,nan,nan,nan,14.999461901723187,14.99802465968686,8.219882365812502,62.26513022799918,12000,,nan,nan,,OK,
F18_Q1.5_PLANAR_INDOOR_NORMAL_VENTILATION,indoor,normal_ventilation,IndoorNormalVentilation,planar,planar source (49 cells),high,49,F-18,1.5,150.0,UNCONTROLLED,"(60, 60, 30)",0.5,0.5,0.5,0.05,600.0,235.76082423690656,235.76082423690656,0.0,10699.9547905494,nan,nan,nan,14.997512495336165,14.995462477957886,9.237964644707805,62.521685725998395,12000,,nan,nan,,OK,
F18_Q1.5_PLANAR_INDOOR_HIGH_VENTILATION,indoor,high_ventilation,IndoorHighVentilation,planar,planar source (49 cells),high,49,F-18,1.5,150.0,UNCONTROLLED,"(60, 60, 30)",0.5,0.5,0.5,0.05,600.0,15.26423273816141,15.26423273816141,0.0,1401.7579842518408,nan,nan,nan,15.000000000000009,16.986707526590923,10.988659367521151,63.95905766699798,12000,,nan,nan,,OK,
F18_Q1.5_PLANAR_OUTDOOR_UNIFORM,outdoor,uniform,UniformField,planar,planar source (49 cells),high,49,F-18,1.5,150.0,UNCONTROLLED,"(60, 60, 30)",0.5,0.5,0.5,0.05,600.0,162.87323004188968,162.87323004188968,0.0,5541.098576527086,nan,nan,nan,22.167132103170847,15.000000000000002,7.500000000762328,21.12963238299926,12000,,nan,nan,,OK,
F18_Q1.5_PLANAR_OUTDOOR_SHEAR,outdoor,shear,ShearField,planar,planar source (49 cells),high,49,F-18,1.5,150.0,UNCONTROLLED,"(60, 60, 30)",0.5,0.5,0.5,0.05,600.0,151.42492526840516,151.42492526840516,0.0,5053.465382629729,nan,nan,nan,22.172863137786447,15.000000000000004,7.492925216993137,21.041254645999288,12000,,nan,nan,,OK,
F18_Q1.5_PLANAR_OUTDOOR_GUST,outdoor,gust,GustField,planar,planar source (49 cells),high,49,F-18,1.5,150.0,UNCONTROLLED,"(60, 60, 30)",0.5,0.5,0.5,0.05,600.0,182.2008598147487,181.8305547526399,0.0,5680.429839047131,nan,nan,nan,21.980132487710822,15.000000000000002,7.500000000918188,21.52589076300137,12000,,nan,nan,,OK,
F18_Q1.5_PLANAR_OUTDOOR_VORTEX,outdoor,vortex,VortexField,planar,planar source (49 cells),high,49,F-18,1.5,150.0,UNCONTROLLED,"(60, 60, 30)",0.5,0.5,0.5,0.05,600.0,596.4249345293872,596.4249345293872,0.0,10902.194806341806,nan,nan,nan,15.000000000005192,15.000000000004343,7.500000108974684,21.23621475300024,12000,,nan,nan,,OK,
F18_Q1.5_VOLUMETRIC_INDOOR_CLOSED,indoor,closed,IndoorClosedRoom,volumetric,3-D volumetric source (75 cells),high,75,F-18,1.5,150.0,UNCONTROLLED,"(60, 60, 30)",0.5,0.5,0.5,0.05,600.0,708.0594796630816,708.0594796630816,0.0,10902.195154476634,nan,nan,nan,14.999999999999996,14.999999999999996,7.500000264177305,62.83811196199895,12000,,nan,nan,,OK,
F18_Q1.5_VOLUMETRIC_INDOOR_LOW_VENTILATION,indoor,low_ventilation,IndoorLowVentilation,volumetric,3-D volumetric source (75 cells),high,75,F-18,1.5,150.0,UNCONTROLLED,"(60, 60, 30)",0.5,0.5,0.5,0.05,600.0,581.5406468767773,581.5406468767773,0.0,10857.338819024188,nan,nan,nan,15.000059155518333,14.998785391160569,8.216488624190333,62.32655891700051,12000,,nan,nan,,OK,
F18_Q1.5_VOLUMETRIC_INDOOR_NORMAL_VENTILATION,indoor,normal_ventilation,IndoorNormalVentilation,volumetric,3-D volumetric source (75 cells),high,75,F-18,1.5,150.0,UNCONTROLLED,"(60, 60, 30)",0.5,0.5,0.5,0.05,600.0,400.75403698822487,400.75403698822487,0.0,10586.990969709528,nan,nan,nan,14.999016067341078,14.997992013135471,9.222267093628876,62.73970446699968,12000,,nan,nan,,OK,
F18_Q1.5_VOLUMETRIC_INDOOR_HIGH_VENTILATION,indoor,high_ventilation,IndoorHighVentilation,volumetric,3-D volumetric source (75 cells),high,75,F-18,1.5,150.0,UNCONTROLLED,"(60, 60, 30)",0.5,0.5,0.5,0.05,600.0,28.882238458382385,28.882238458382385,0.0,1401.7422210337518,nan,nan,nan,15.000000000000009,16.9922155457234,10.977560648484237,63.968543909999426,12000,,nan,nan,,OK,
F18_Q1.5_VOLUMETRIC_OUTDOOR_UNIFORM,outdoor,uniform,UniformField,volumetric,3-D volumetric source (75 cells),high,75,F-18,1.5,150.0,UNCONTROLLED,"(60, 60, 30)",0.5,0.5,0.5,0.05,600.0,97.93342059426823,97.93342059426823,0.0,5541.292724922206,nan,nan,nan,22.183780141236955,15.000000000000002,7.500000002288925,21.28335917000004,12000,,nan,nan,,OK,
F18_Q1.5_VOLUMETRIC_OUTDOOR_SHEAR,outdoor,shear,ShearField,volumetric,3-D volumetric source (75 cells),high,75,F-18,1.5,150.0,UNCONTROLLED,"(60, 60, 30)",0.5,0.5,0.5,0.05,600.0,89.42299443854873,89.42299443854873,0.0,5055.201607479674,nan,nan,nan,22.189504777985096,15.0,7.488769376751902,21.11021602999972,12000,,nan,nan,,OK,
F18_Q1.5_VOLUMETRIC_OUTDOOR_GUST,outdoor,gust,GustField,volumetric,3-D volumetric source (75 cells),high,75,F-18,1.5,150.0,UNCONTROLLED,"(60, 60, 30)",0.5,0.5,0.5,0.05,600.0,119.52047159177104,119.47418638001825,0.0,5681.282682549932,nan,nan,nan,21.99734255860303,15.0,7.500000002732785,21.658614922998822,12000,,nan,nan,,OK,
F18_Q1.5_VOLUMETRIC_OUTDOOR_VORTEX,outdoor,vortex,VortexField,volumetric,3-D volumetric source (75 cells),high,75,F-18,1.5,150.0,UNCONTROLLED,"(60, 60, 30)",0.5,0.5,0.5,0.05,600.0,680.3185430628753,680.3185430628753,0.0,10902.195153789733,nan,nan,nan,15.000000000000718,15.000000000000574,7.500000263873149,21.165034056000877,12000,,nan,nan,,OK,
F18_Q2_MULTIPLE_POINTS_INDOOR_CLOSED,indoor,closed,IndoorClosedRoom,multiple_points,5 point sources,high,5,F-18,2.0,200.0,UNCONTROLLED,"(60, 60, 30)",0.5,0.5,0.5,0.05,600.0,2415.1569714982616,2415.1569714982616,0.0,14536.259742163673,nan,nan,nan,15.0,14.999999999999996,7.500000109107431,62.211407257000246,12000,,nan,nan,,OK,
F18_Q2_MULTIPLE_POINTS_INDOOR_LOW_VENTILATION,indoor,low_ventilation,IndoorLowVentilation,multiple_points,5 point sources,high,5,F-18,2.0,200.0,UNCONTROLLED,"(60, 60, 30)",0.5,0.5,0.5,0.05,600.0,1866.7282061753886,1866.7282061753886,0.0,14485.697318279017,nan,nan,nan,14.999450659200898,15.008465411258173,8.218624739770512,61.53624359099922,12000,,nan,nan,,OK,
F18_Q2_MULTIPLE_POINTS_INDOOR_NORMAL_VENTILATION,indoor,normal_ventilation,IndoorNormalVentilation,multiple_points,5 point sources,high,5,F-18,2.0,200.0,UNCONTROLLED,"(60, 60, 30)",0.5,0.5,0.5,0.05,600.0,1350.7828924005194,1350.7828924005194,0.0,14156.804668803781,nan,nan,nan,14.997499035775595,15.02159696411221,9.23363973372795,62.24208656100018,12000,,nan,nan,,OK,
F18_Q2_MULTIPLE_POINTS_INDOOR_HIGH_VENTILATION,indoor,high_ventilation,IndoorHighVentilation,multiple_points,5 point sources,high,5,F-18,2.0,200.0,UNCONTROLLED,"(60, 60, 30)",0.5,0.5,0.5,0.05,600.0,131.62671655251657,131.62671655251657,0.0,1869.0107178396386,nan,nan,nan,15.000000000000002,16.986708027342015,10.988659481395977,64.46211444800065,12000,,nan,nan,,OK,
F18_Q2_MULTIPLE_POINTS_OUTDOOR_UNIFORM,outdoor,uniform,UniformField,multiple_points,5 point sources,high,5,F-18,2.0,200.0,UNCONTROLLED,"(60, 60, 30)",0.5,0.5,0.5,0.05,600.0,733.54684677124,733.54684677124,0.0,7388.182774117579,nan,nan,nan,22.17046141607281,15.0,7.500000000751155,21.21621435799898,12000,,nan,nan,,OK,
F18_Q2_MULTIPLE_POINTS_OUTDOOR_SHEAR,outdoor,shear,ShearField,multiple_points,5 point sources,high,5,F-18,2.0,200.0,UNCONTROLLED,"(60, 60, 30)",0.5,0.5,0.5,0.05,600.0,691.2336370354839,691.2336370354839,0.0,6737.9947233850835,nan,nan,nan,22.17619251814455,15.0,7.4929281553821765,21.29864382999949,12000,,nan,nan,,OK,
F18_Q2_MULTIPLE_POINTS_OUTDOOR_GUST,outdoor,gust,GustField,multiple_points,5 point sources,high,5,F-18,2.0,200.0,UNCONTROLLED,"(60, 60, 30)",0.5,0.5,0.5,0.05,600.0,814.0153527131811,788.4442686768674,0.0,7574.236286741738,nan,nan,nan,21.983682439422587,15.000000000000002,7.500000000905059,21.683889485997497,12000,,nan,nan,,OK,
F18_Q2_MULTIPLE_POINTS_OUTDOOR_VORTEX,outdoor,vortex,VortexField,multiple_points,5 point sources,high,5,F-18,2.0,200.0,UNCONTROLLED,"(60, 60, 30)",0.5,0.5,0.5,0.05,600.0,2370.682855899861,2370.682855899861,0.0,14536.259741780148,nan,nan,nan,15.000000000002846,15.000000000002288,7.500000108974684,21.12011618500037,12000,,nan,nan,,OK,
F18_Q2_PLANAR_INDOOR_CLOSED,indoor,closed,IndoorClosedRoom,planar,planar source (49 cells),high,49,F-18,2.0,200.0,UNCONTROLLED,"(60, 60, 30)",0.5,0.5,0.5,0.05,600.0,810.9978179450658,810.9978179450658,0.0,14536.259742162654,nan,nan,nan,15.000000000000002,14.999999999999998,7.50000010910743,62.99506349999865,12000,,nan,nan,,OK,
F18_Q2_PLANAR_INDOOR_LOW_VENTILATION,indoor,low_ventilation,IndoorLowVentilation,planar,planar source (49 cells),high,49,F-18,2.0,200.0,UNCONTROLLED,"(60, 60, 30)",0.5,0.5,0.5,0.05,600.0,557.6857055055618,557.6857055055618,0.0,14522.144244870313,nan,nan,nan,14.999461901723187,14.998024659686857,8.219882365812534,62.75907548699979,12000,,nan,nan,,OK,
F18_Q2_PLANAR_INDOOR_NORMAL_VENTILATION,indoor,normal_ventilation,IndoorNormalVentilation,planar,planar source (49 cells),high,49,F-18,2.0,200.0,UNCONTROLLED,"(60, 60, 30)",0.5,0.5,0.5,0.05,600.0,314.34776564923845,314.34776564923845,0.0,14266.606387400429,nan,nan,nan,14.997512495336162,14.995462477957885,9.237964644707795,62.94283954799903,12000,,nan,nan,,OK,
F18_Q2_PLANAR_INDOOR_HIGH_VENTILATION,indoor,high_ventilation,IndoorHighVentilation,planar,planar source (49 cells),high,49,F-18,2.0,200.0,UNCONTROLLED,"(60, 60, 30)",0.5,0.5,0.5,0.05,600.0,20.352310317548405,20.352310317548405,0.0,1869.0106456691005,nan,nan,nan,15.000000000000012,16.98670752659092,10.988659367521155,64.37408279700321,12000,,nan,nan,,OK,
F18_Q2_PLANAR_OUTDOOR_UNIFORM,outdoor,uniform,UniformField,planar,planar source (49 cells),high,49,F-18,2.0,200.0,UNCONTROLLED,"(60, 60, 30)",0.5,0.5,0.5,0.05,600.0,217.1643067225331,217.1643067225331,0.0,7388.13143536992,nan,nan,nan,22.16713210317083,15.000000000000002,7.500000000762328,21.16204149799887,12000,,nan,nan,,OK,
F18_Q2_PLANAR_OUTDOOR_SHEAR,outdoor,shear,ShearField,planar,planar source (49 cells),high,49,F-18,2.0,200.0,UNCONTROLLED,"(60, 60, 30)",0.5,0.5,0.5,0.05,600.0,201.89990035788855,201.89990035788855,0.0,6737.953843506652,nan,nan,nan,22.172863137786457,15.0,7.492925216993136,21.031360331999167,12000,,nan,nan,,OK,
F18_Q2_PLANAR_OUTDOOR_GUST,outdoor,gust,GustField,planar,planar source (49 cells),high,49,F-18,2.0,200.0,UNCONTROLLED,"(60, 60, 30)",0.5,0.5,0.5,0.05,600.0,242.934479753014,242.4407396702017,0.0,7573.906452063237,nan,nan,nan,21.98013248771084,15.0,7.500000000918187,21.844524861997343,12000,,nan,nan,,OK,
F18_Q2_PLANAR_OUTDOOR_VORTEX,outdoor,vortex,VortexField,planar,planar source (49 cells),high,49,F-18,2.0,200.0,UNCONTROLLED,"(60, 60, 30)",0.5,0.5,0.5,0.05,600.0,795.2332460390929,795.2332460390929,0.0,14536.259741787371,nan,nan,nan,15.000000000005192,15.000000000004345,7.500000108974685,21.41571541400117,12000,,nan,nan,,OK,
F18_Q2_VOLUMETRIC_INDOOR_CLOSED,indoor,closed,IndoorClosedRoom,volumetric,3-D volumetric source (75 cells),high,75,F-18,2.0,200.0,UNCONTROLLED,"(60, 60, 30)",0.5,0.5,0.5,0.05,600.0,944.0793062172265,944.0793062172265,0.0,14536.260205966151,nan,nan,nan,15.0,15.000000000000002,7.500000264177307,63.13193033599964,12000,,nan,nan,,OK,
F18_Q2_VOLUMETRIC_INDOOR_LOW_VENTILATION,indoor,low_ventilation,IndoorLowVentilation,volumetric,3-D volumetric source (75 cells),high,75,F-18,2.0,200.0,UNCONTROLLED,"(60, 60, 30)",0.5,0.5,0.5,0.05,600.0,775.3875291688672,775.3875291688672,0.0,14476.451758696736,nan,nan,nan,15.000059155518333,14.998785391160567,8.21648862419036,62.309293459999026,12000,,nan,nan,,OK,
F18_Q2_VOLUMETRIC_INDOOR_NORMAL_VENTILATION,indoor,normal_ventilation,IndoorNormalVentilation,volumetric,3-D volumetric source (75 cells),high,75,F-18,2.0,200.0,UNCONTROLLED,"(60, 60, 30)",0.5,0.5,0.5,0.05,600.0,534.3387159842109,534.3387159842109,0.0,14115.98795961179,nan,nan,nan,14.999016067341076,14.99799201313547,9.222267093628902,62.616300859997864,12000,,nan,nan,,OK,
F18_Q2_VOLUMETRIC_INDOOR_HIGH_VENTILATION,indoor,high_ventilation,IndoorHighVentilation,volumetric,3-D volumetric source (75 cells),high,75,F-18,2.0,200.0,UNCONTROLLED,"(60, 60, 30)",0.5,0.5,0.5,0.05,600.0,38.509651277843325,38.509651277843325,0.0,1868.989628044989,nan,nan,nan,15.000000000000005,16.992215545723397,10.97756064848424,63.62222422699779,12000,,nan,nan,,OK,
F18_Q2_VOLUMETRIC_OUTDOOR_UNIFORM,outdoor,uniform,UniformField,volumetric,3-D volumetric source (75 cells),high,75,F-18,2.0,200.0,UNCONTROLLED,"(60, 60, 30)",0.5,0.5,0.5,0.05,600.0,130.5778941256936,130.5778941256936,0.0,7388.3902998965805,nan,nan,nan,22.183780141236955,15.0,7.500000002288925,21.19269027399787,12000,,nan,nan,,OK,
F18_Q2_VOLUMETRIC_OUTDOOR_SHEAR,outdoor,shear,ShearField,volumetric,3-D volumetric source (75 cells),high,75,F-18,2.0,200.0,UNCONTROLLED,"(60, 60, 30)",0.5,0.5,0.5,0.05,600.0,119.23065925140669,119.23065925140669,0.0,6740.268809973179,nan,nan,nan,22.189504777985118,15.0,7.48876937675191,21.35492684000201,12000,,nan,nan,,OK,
F18_Q2_VOLUMETRIC_OUTDOOR_GUST,outdoor,gust,GustField,volumetric,3-D volumetric source (75 cells),high,75,F-18,2.0,200.0,UNCONTROLLED,"(60, 60, 30)",0.5,0.5,0.5,0.05,600.0,159.36062878903246,159.29891517336185,0.0,7575.043576733501,nan,nan,nan,21.99734255860304,15.000000000000002,7.500000002732784,21.77242844399734,12000,,nan,nan,,OK,
F18_Q2_VOLUMETRIC_OUTDOOR_VORTEX,outdoor,vortex,VortexField,volumetric,3-D volumetric source (75 cells),high,75,F-18,2.0,200.0,UNCONTROLLED,"(60, 60, 30)",0.5,0.5,0.5,0.05,600.0,907.0913907502945,907.0913907502945,0.0,14536.260205050423,nan,nan,nan,15.000000000000712,15.000000000000574,7.500000263873147,21.076625811001577,12000,,nan,nan,,OK,
F18_Q5_MULTIPLE_POINTS_INDOOR_CLOSED,indoor,closed,IndoorClosedRoom,multiple_points,5 point sources,high,5,F-18,5.0,500.0,UNCONTROLLED,"(60, 60, 30)",0.5,0.5,0.5,0.05,600.0,6037.892428745677,6037.892428745677,0.0,36340.64935540916,nan,nan,nan,14.999999999999998,14.999999999999996,7.500000109107429,62.37470104699969,12000,,nan,nan,,OK,
F18_Q5_MULTIPLE_POINTS_INDOOR_LOW_VENTILATION,indoor,low_ventilation,IndoorLowVentilation,multiple_points,5 point sources,high,5,F-18,5.0,500.0,UNCONTROLLED,"(60, 60, 30)",0.5,0.5,0.5,0.05,600.0,4666.820515438462,4666.820515438462,0.0,36214.24329569752,nan,nan,nan,14.9994506592009,15.008465411258173,8.218624739770512,61.97517426599734,12000,,nan,nan,,OK,
F18_Q5_MULTIPLE_POINTS_INDOOR_NORMAL_VENTILATION,indoor,normal_ventilation,IndoorNormalVentilation,multiple_points,5 point sources,high,5,F-18,5.0,500.0,UNCONTROLLED,"(60, 60, 30)",0.5,0.5,0.5,0.05,600.0,3376.9572310012963,3376.9572310012963,0.0,35392.011672009474,nan,nan,nan,14.997499035775595,15.02159696411221,9.23363973372795,62.20990001300015,12000,,nan,nan,,OK,
F18_Q5_MULTIPLE_POINTS_INDOOR_HIGH_VENTILATION,indoor,high_ventilation,IndoorHighVentilation,multiple_points,5 point sources,high,5,F-18,5.0,500.0,UNCONTROLLED,"(60, 60, 30)",0.5,0.5,0.5,0.05,600.0,329.0667913812939,329.0667913812939,0.0,4672.526794599089,nan,nan,nan,15.000000000000002,16.986708027342015,10.988659481395976,63.46729253000012,12000,,nan,nan,,OK,
F18_Q5_MULTIPLE_POINTS_OUTDOOR_UNIFORM,outdoor,uniform,UniformField,multiple_points,5 point sources,high,5,F-18,5.0,500.0,UNCONTROLLED,"(60, 60, 30)",0.5,0.5,0.5,0.05,600.0,1833.867116928043,1833.867116928043,0.0,18470.456935294034,nan,nan,nan,22.17046141607281,15.000000000000004,7.5000000007511565,21.162315729998227,12000,,nan,nan,,OK,
F18_Q5_MULTIPLE_POINTS_OUTDOOR_SHEAR,outdoor,shear,ShearField,multiple_points,5 point sources,high,5,F-18,5.0,500.0,UNCONTROLLED,"(60, 60, 30)",0.5,0.5,0.5,0.05,600.0,1728.084092588688,1728.084092588688,0.0,16844.986808462625,nan,nan,nan,22.176192518144564,14.999999999999998,7.492928155382174,20.963104564998503,12000,,nan,nan,,OK,
F18_Q5_MULTIPLE_POINTS_OUTDOOR_GUST,outdoor,gust,GustField,multiple_points,5 point sources,high,5,F-18,5.0,500.0,UNCONTROLLED,"(60, 60, 30)",0.5,0.5,0.5,0.05,600.0,2035.0383817829493,1971.110671692171,0.0,18935.59071685434,nan,nan,nan,21.983682439422584,15.000000000000004,7.500000000905059,21.686649299001147,12000,,nan,nan,,OK,
F18_Q5_MULTIPLE_POINTS_OUTDOOR_VORTEX,outdoor,vortex,VortexField,multiple_points,5 point sources,high,5,F-18,5.0,500.0,UNCONTROLLED,"(60, 60, 30)",0.5,0.5,0.5,0.05,600.0,5926.707139749638,5926.707139749638,0.0,36340.64935445037,nan,nan,nan,15.000000000002848,15.000000000002286,7.500000108974685,21.306803835999744,12000,,nan,nan,,OK,
F18_Q5_PLANAR_INDOOR_CLOSED,indoor,closed,IndoorClosedRoom,planar,planar source (49 cells),high,49,F-18,5.0,500.0,UNCONTROLLED,"(60, 60, 30)",0.5,0.5,0.5,0.05,600.0,2027.4945448633587,2027.4945448633587,0.0,36340.64935541413,nan,nan,nan,14.999999999999998,14.999999999999998,7.500000109107431,62.50645201200314,12000,,nan,nan,,OK,
F18_Q5_PLANAR_INDOOR_LOW_VENTILATION,indoor,low_ventilation,IndoorLowVentilation,planar,planar source (49 cells),high,49,F-18,5.0,500.0,UNCONTROLLED,"(60, 60, 30)",0.5,0.5,0.5,0.05,600.0,1394.214263764262,1394.214263764262,0.0,36305.36061217686,nan,nan,nan,14.99946190172319,14.998024659686857,8.219882365812506,62.10065518299962,12000,,nan,nan,,OK,
F18_Q5_PLANAR_INDOOR_NORMAL_VENTILATION,indoor,normal_ventilation,IndoorNormalVentilation,planar,planar source (49 cells),high,49,F-18,5.0,500.0,UNCONTROLLED,"(60, 60, 30)",0.5,0.5,0.5,0.05,600.0,785.8694141230504,785.8694141230504,0.0,35666.51596849925,nan,nan,nan,14.997512495336162,14.995462477957881,9.2379646447078,62.35995791900132,12000,,nan,nan,,OK,
F18_Q5_PLANAR_INDOOR_HIGH_VENTILATION,indoor,high_ventilation,IndoorHighVentilation,planar,planar source (49 cells),high,49,F-18,5.0,500.0,UNCONTROLLED,"(60, 60, 30)",0.5,0.5,0.5,0.05,600.0,50.88077579387054,50.88077579387054,0.0,4672.526614172735,nan,nan,nan,15.000000000000012,16.98670752659092,10.98865936752115,63.67837970899927,12000,,nan,nan,,OK,
F18_Q5_PLANAR_OUTDOOR_UNIFORM,outdoor,uniform,UniformField,planar,planar source (49 cells),high,49,F-18,5.0,500.0,UNCONTROLLED,"(60, 60, 30)",0.5,0.5,0.5,0.05,600.0,542.9107668063282,542.9107668063282,0.0,18470.328588424305,nan,nan,nan,22.167132103170808,14.999999999999996,7.500000000762325,21.111737279999943,12000,,nan,nan,,OK,
F18_Q5_PLANAR_OUTDOOR_SHEAR,outdoor,shear,ShearField,planar,planar source (49 cells),high,49,F-18,5.0,500.0,UNCONTROLLED,"(60, 60, 30)",0.5,0.5,0.5,0.05,600.0,504.7497508947008,504.7497508947008,0.0,16844.884608766315,nan,nan,nan,22.172863137786443,15.000000000000004,7.492925216993137,21.050012568000966,12000,,nan,nan,,OK,
F18_Q5_PLANAR_OUTDOOR_GUST,outdoor,gust,GustField,planar,planar source (49 cells),high,49,F-18,5.0,500.0,UNCONTROLLED,"(60, 60, 30)",0.5,0.5,0.5,0.05,600.0,607.3361993825138,606.101849175484,0.0,18934.76613015756,nan,nan,nan,21.980132487710826,15.0,7.5000000009181855,21.59735937699952,12000,,nan,nan,,OK,
F18_Q5_PLANAR_OUTDOOR_VORTEX,outdoor,vortex,VortexField,planar,planar source (49 cells),high,49,F-18,5.0,500.0,UNCONTROLLED,"(60, 60, 30)",0.5,0.5,0.5,0.05,600.0,1988.0831150984172,1988.0831150984172,0.0,36340.6493544748,nan,nan,nan,15.000000000005194,15.000000000004352,7.500000108974686,21.047751456997503,12000,,nan,nan,,OK,
F18_Q5_VOLUMETRIC_INDOOR_CLOSED,indoor,closed,IndoorClosedRoom,volumetric,3-D volumetric source (75 cells),high,75,F-18,5.0,500.0,UNCONTROLLED,"(60, 60, 30)",0.5,0.5,0.5,0.05,600.0,2360.198265543149,2360.198265543149,0.0,36340.65051491406,nan,nan,nan,15.0,15.000000000000004,7.500000264177307,62.60943535100159,12000,,nan,nan,,OK,
F18_Q5_VOLUMETRIC_INDOOR_LOW_VENTILATION,indoor,low_ventilation,IndoorLowVentilation,volumetric,3-D volumetric source (75 cells),high,75,F-18,5.0,500.0,UNCONTROLLED,"(60, 60, 30)",0.5,0.5,0.5,0.05,600.0,1938.468822922026,1938.468822922026,0.0,36191.12939674213,nan,nan,nan,15.000059155518331,14.998785391160567,8.21648862419036,62.61821989300006,12000,,nan,nan,,OK,
F18_Q5_VOLUMETRIC_INDOOR_NORMAL_VENTILATION,indoor,normal_ventilation,IndoorNormalVentilation,volumetric,3-D volumetric source (75 cells),high,75,F-18,5.0,500.0,UNCONTROLLED,"(60, 60, 30)",0.5,0.5,0.5,0.05,600.0,1335.8467899605575,1335.8467899605575,0.0,35289.9698990321,nan,nan,nan,14.999016067341076,14.997992013135471,9.222267093628888,62.29062006300228,12000,,nan,nan,,OK,
F18_Q5_VOLUMETRIC_INDOOR_HIGH_VENTILATION,indoor,high_ventilation,IndoorHighVentilation,volumetric,3-D volumetric source (75 cells),high,75,F-18,5.0,500.0,UNCONTROLLED,"(60, 60, 30)",0.5,0.5,0.5,0.05,600.0,96.27412819460673,96.27412819460673,0.0,4672.4740701124765,nan,nan,nan,15.000000000000007,16.992215545723393,10.97756064848424,63.84913684500134,12000,,nan,nan,,OK,
F18_Q5_VOLUMETRIC_OUTDOOR_UNIFORM,outdoor,uniform,UniformField,volumetric,3-D volumetric source (75 cells),high,75,F-18,5.0,500.0,UNCONTROLLED,"(60, 60, 30)",0.5,0.5,0.5,0.05,600.0,326.444735314237,326.444735314237,0.0,18470.97574974102,nan,nan,nan,22.183780141236944,15.000000000000004,7.500000002288926,21.080657599002734,12000,,nan,nan,,OK,
F18_Q5_VOLUMETRIC_OUTDOOR_SHEAR,outdoor,shear,ShearField,volumetric,3-D volumetric source (75 cells),high,75,F-18,5.0,500.0,UNCONTROLLED,"(60, 60, 30)",0.5,0.5,0.5,0.05,600.0,298.0766481285078,298.0766481285078,0.0,16850.67202493251,nan,nan,nan,22.189504777985107,15.0,7.488769376751907,21.059006691997638,12000,,nan,nan,,OK,
F18_Q5_VOLUMETRIC_OUTDOOR_GUST,outdoor,gust,GustField,volumetric,3-D volumetric source (75 cells),high,75,F-18,5.0,500.0,UNCONTROLLED,"(60, 60, 30)",0.5,0.5,0.5,0.05,600.0,398.401571972574,398.24728793339733,0.0,18937.608941833336,nan,nan,nan,21.99734255860303,14.999999999999998,7.500000002732784,21.578855095998733,12000,,nan,nan,,OK,
F18_Q5_VOLUMETRIC_OUTDOOR_VORTEX,outdoor,vortex,VortexField,volumetric,3-D volumetric source (75 cells),high,75,F-18,5.0,500.0,UNCONTROLLED,"(60, 60, 30)",0.5,0.5,0.5,0.05,600.0,2267.7284768757518,2267.7284768757518,0.0,36340.650512625056,nan,nan,nan,15.00000000000072,15.000000000000579,7.500000263873149,21.111543879000237,12000,,nan,nan,,OK,
